SpeciesID,DaysInSitu,Sp,SpRep,AT,ET,delWeight.g,delWeight.g_biomnorm,pWeight,delWeight.mg_biomnorm_day,delTopLength.cm,pLength,delVolume.ml,pVolume
PR1HH,58,PR,1,HIGH,HIGH,5.193221445554755,0.4746964063744942,47.469640637449416,8.184420799560243,NA,NA,NA,NA
PR2HH,58,PR,2,HIGH,HIGH,4.513059307066966,0.29333710999895685,29.333710999895686,5.057536379292359,NA,NA,NA,NA
PR2HL,58,PR,2,HIGH,LOW,6.880090231684864,0.3878280462305381,38.78280462305381,6.686690452250658,NA,NA,NA,NA
PR3HH,58,PR,3,HIGH,HIGH,7.872585217109773,0.5128438005820812,51.28438005820812,8.842134492794505,NA,NA,NA,NA
PR3HL,58,PR,3,HIGH,LOW,0.3247401467924398,0.013518228606810893,1.3518228606810894,0.23307290701398092,NA,NA,NA,NA
PR4HH,58,PR,4,HIGH,HIGH,7.208699637480574,0.3781505596168568,37.81505596168568,6.5198372347733935,NA,NA,NA,NA
PR4HL,58,PR,4,HIGH,LOW,5.675663494701041,0.35210222412636705,35.2102224126367,6.070728002178742,NA,NA,NA,NA
PR5HH,58,PR,5,HIGH,HIGH,5.633704117046124,0.4616211139120155,46.16211139120155,7.958984722620957,NA,NA,NA,NA
PR5HL,58,PR,5,HIGH,LOW,7.4294207960312715,0.6033952127699295,60.33952127699295,10.403365737412576,NA,NA,NA,NA
PR6HL,58,PR,6,HIGH,LOW,10.931752870636952,0.5491076400527604,54.910764005276036,9.467373104357936,NA,NA,NA,NA
PR6HH,58,PR,6,HIGH,HIGH,4.063507770693768,0.24111844589723277,24.111844589723276,4.157214584435048,NA,NA,NA,NA
PR7HH,58,PR,7,HIGH,HIGH,6.411596570347424,0.2411755887158921,24.11755887158921,4.158199805446416,NA,NA,NA,NA
PR8HH,58,PR,8,HIGH,HIGH,6.774863128844526,0.44482335212035645,44.48233521203564,7.669368140006146,NA,NA,NA,NA
PR8HL,58,PR,8,HIGH,LOW,5.611654476028566,0.4755267350732936,47.55267350732936,8.19873681160851,NA,NA,NA,NA
PR9HH,58,PR,9,HIGH,HIGH,10.556193780952338,0.4768384746391651,47.683847463916514,8.221353011020089,NA,NA,NA,NA
PR9HL,58,PR,9,HIGH,LOW,9.75083801504054,0.4597332023482571,45.97332023482571,7.926434523245812,NA,NA,NA,NA
PR10HH,58,PR,10,HIGH,HIGH,3.46241251561203,0.26514859247354433,26.514859247354433,4.57152745644042,NA,NA,NA,NA
PR10HL,58,PR,10,HIGH,LOW,3.406129894625776,0.2461556312852523,24.61556312852523,4.244062608366419,NA,NA,NA,NA
PR11HH,58,PR,11,HIGH,HIGH,7.932674001542928,0.3280819342889572,32.80819342889572,5.656585073947538,NA,NA,NA,NA
PR11HL,58,PR,11,HIGH,LOW,10.236279116196929,0.47017072455234227,47.01707245523423,8.106391802626591,NA,NA,NA,NA
PR12HH,58,PR,12,HIGH,HIGH,5.9806603339776,0.2822807201204399,28.22807201204399,4.866908967593792,NA,NA,NA,NA
PR12HL,58,PR,12,HIGH,LOW,7.760612055947735,0.4047125394419723,40.47125394419723,6.9778024041719355,NA,NA,NA,NA
PA13HL,50,PA,13,HIGH,LOW,5.089485748594015,0.26422474690365777,26.422474690365778,5.284494938073156,NA,NA,NA,NA
PA13HH,50,PA,13,HIGH,HIGH,2.758120747644673,0.17995485251868332,17.99548525186833,3.5990970503736666,NA,NA,NA,NA
PA12HL,50,PA,12,HIGH,LOW,5.1656732881818215,0.27335918812558496,27.335918812558496,5.4671837625116995,NA,NA,NA,NA
PA12HH,50,PA,12,HIGH,HIGH,6.287920667889008,0.33893824217497875,33.89382421749787,6.778764843499576,NA,NA,NA,NA
PA11HL,50,PA,11,HIGH,LOW,2.6916590981696586,0.18511193365562892,18.511193365562892,3.7022386731125785,NA,NA,NA,NA
PA11HH,50,PA,11,HIGH,HIGH,3.8789080221829764,0.3130269163024799,31.302691630247992,6.260538326049598,NA,NA,NA,NA
PA10HH,50,PA,10,HIGH,HIGH,9.485865224062056,0.3262335269729424,32.62335269729424,6.524670539458848,NA,NA,NA,NA
PA10HL,50,PA,10,HIGH,LOW,8.712905474720014,0.42921649479641805,42.92164947964181,8.584329895928361,NA,NA,NA,NA
PA9HL,50,PA,9,HIGH,LOW,6.084264076197126,0.30121887878473713,30.121887878473714,6.024377575694743,NA,NA,NA,NA
PA9HH,50,PA,9,HIGH,HIGH,4.712920634918309,0.17615985051060298,17.6159850510603,3.5231970102120593,NA,NA,NA,NA
PA8HL,50,PA,8,HIGH,LOW,6.076841799907399,0.45378409079553367,45.378409079553364,9.075681815910674,NA,NA,NA,NA
PA8HH,50,PA,8,HIGH,HIGH,7.209037947655737,0.42563860272166826,42.56386027216683,8.512772054433366,NA,NA,NA,NA
PA7HL,50,PA,7,HIGH,LOW,5.274997661939228,0.1922656206648532,19.22656206648532,3.845312413297064,NA,NA,NA,NA
PA7HH,50,PA,7,HIGH,HIGH,6.481479234104398,0.2953858556516968,29.53858556516968,5.907717113033935,NA,NA,NA,NA
PA6HL,50,PA,6,HIGH,LOW,6.011312864135512,0.3800511994395267,38.00511994395267,7.6010239887905335,NA,NA,NA,NA
PA6HH,50,PA,6,HIGH,HIGH,4.400026156736917,0.3088302504922121,30.883025049221207,6.176605009844241,NA,NA,NA,NA
PA5HL,50,PA,5,HIGH,LOW,7.821125339266128,0.3740276538120524,37.40276538120524,7.480553076241048,NA,NA,NA,NA
PA5HH,50,PA,5,HIGH,HIGH,9.148681339190627,0.5859312943076013,58.59312943076013,11.718625886152024,NA,NA,NA,NA
PA4HL,50,PA,4,HIGH,LOW,4.0320189221288985,0.3131783854269469,31.31783854269469,6.263567708538939,NA,NA,NA,NA
PA4HH,50,PA,4,HIGH,HIGH,3.1016997974151117,0.23688282003430475,23.688282003430476,4.737656400686095,NA,NA,NA,NA
PA3HL,50,PA,3,HIGH,LOW,3.5966263363884927,0.2572434497144238,25.72434497144238,5.144868994288476,NA,NA,NA,NA
PA3HH,50,PA,3,HIGH,HIGH,3.546608355372552,0.2724915015579818,27.24915015579818,5.449830031159636,NA,NA,NA,NA
PA2HL,50,PA,2,HIGH,LOW,2.924810085277098,0.15334559632042669,15.33455963204267,3.0669119264085336,NA,NA,NA,NA
PA2HH,50,PA,2,HIGH,HIGH,2.775844404985053,0.2171503770498361,21.71503770498361,4.343007540996722,NA,NA,NA,NA
PA1HL,50,PA,1,HIGH,LOW,7.475748258965886,0.3828857383176241,38.28857383176241,7.657714766352482,NA,NA,NA,NA
PA1HH,50,PA,1,HIGH,HIGH,10.366262281207561,0.4405796748790861,44.05796748790861,8.811593497581722,NA,NA,NA,NA
ME1LL,51,ME,1,LOW,LOW,0.7470473159881994,0.3265863532275544,32.658635322755444,6.4036539848540075,NA,NA,NA,NA
ME1LH,51,ME,1,LOW,HIGH,0.18383436561965194,0.0703242533674833,7.03242533674833,1.3789069287741824,NA,NA,NA,NA
ME2LL,51,ME,2,LOW,LOW,0.8042632239325922,0.06755974261160187,6.755974261160187,1.3247008355216052,NA,NA,NA,NA
ME2LH,51,ME,2,LOW,HIGH,1.204878120319235,0.332873582502798,33.2873582502798,6.526932990250942,NA,NA,NA,NA
ME3LL,51,ME,3,LOW,LOW,0.4109933670001542,0.04930065537154417,4.930065537154417,0.9666795170891014,NA,NA,NA,NA
ME3LH,51,ME,3,LOW,HIGH,0.5430413290259937,0.07028050681386878,7.028050681386879,1.3780491532131134,NA,NA,NA,NA
ME4LL,51,ME,4,LOW,LOW,1.1972301279177833,0.16777610543014546,16.777610543014546,3.2897275574538325,NA,NA,NA,NA
ME4LH,51,ME,4,LOW,HIGH,0.8305154096900598,0.18939803769121763,18.939803769121763,3.7136870135532867,NA,NA,NA,NA
ME5LL,51,ME,5,LOW,LOW,0.6723084780526412,0.21036754275826744,21.036754275826745,4.124853779573871,NA,NA,NA,NA
ME5LH,51,ME,5,LOW,HIGH,0.25364829818303747,0.03005854637818137,3.005854637818137,0.5893832623172818,NA,NA,NA,NA
ME6LL,51,ME,6,LOW,LOW,1.1006636701839083,0.16086392689309992,16.086392689309992,3.154194644962743,NA,NA,NA,NA
ME6LH,51,ME,6,LOW,HIGH,0.9403819044076132,0.17758507433434342,17.758507433434342,3.4820602810655576,NA,NA,NA,NA
ME7LL,51,ME,7,LOW,LOW,0.730696947450606,0.12016700044742198,12.016700044742198,2.35621569504749,NA,NA,NA,NA
ME7LH,51,ME,7,LOW,HIGH,0.6987174344548057,0.12808009366150233,12.808009366150234,2.5113743855196535,NA,NA,NA,NA
ME8LL,51,ME,8,LOW,LOW,1.339163014429488,0.14882665022570182,14.882665022570182,2.918169612268663,NA,NA,NA,NA
ME8LH,51,ME,8,LOW,HIGH,0.7739414091788959,0.1377462447280841,13.77462447280841,2.7009067593741984,NA,NA,NA,NA
ME9LH,51,ME,9,LOW,HIGH,0.8727737075537068,0.08218499914579994,8.218499914579994,1.6114705714862734,NA,NA,NA,NA
ME9LL,51,ME,9,LOW,LOW,0.7000608544178917,0.06660519741029783,6.660519741029783,1.3059842629470162,NA,NA,NA,NA
ME10LL,51,ME,10,LOW,LOW,-0.054472594567304355,-0.011239911198291987,-1.1239911198291987,-0.22039041565278406,NA,NA,NA,NA
ME10LH,51,ME,10,LOW,HIGH,0.06226287197432079,0.005664924378578215,0.5664924378578214,0.11107694859957284,NA,NA,NA,NA
ME11LL,51,ME,11,LOW,LOW,0.0018972160023125184,2.852775091704947e-4,0.02852775091704947,0.005593676650401856,NA,NA,NA,NA
ME11LH,51,ME,11,LOW,HIGH,1.2627481693733191,0.134035903830836,13.4035903830836,2.6281549770752157,NA,NA,NA,NA
ME12LL,51,ME,12,LOW,LOW,0.9545460117974605,0.23642320869385386,23.642320869385387,4.6357491900755665,NA,NA,NA,NA
ME12LH,51,ME,12,LOW,HIGH,0.9789866026123857,0.1769129909686257,17.69129909686257,3.4688821758554056,NA,NA,NA,NA
ME13LL,51,ME,13,LOW,LOW,1.2036956851403797,0.09546099499295865,9.546099499295865,1.871784215548209,NA,NA,NA,NA
ME13LH,51,ME,13,LOW,HIGH,1.5722607127634909,0.08488021879593846,8.488021879593846,1.6643180156066366,NA,NA,NA,NA
PR1LL,54,PR,1,LOW,LOW,7.161461613207699,0.44723054121621303,44.7230541216213,8.2820470595595,NA,NA,NA,NA
PR1LH,54,PR,1,LOW,HIGH,4.03535905949315,0.21859333032927206,21.859333032927207,4.048024635727261,NA,NA,NA,NA
PR2LL,54,PR,2,LOW,LOW,4.558196688176574,0.3696652542518736,36.966525425187356,6.845652856516177,NA,NA,NA,NA
PR2LH,54,PR,2,LOW,HIGH,3.2727847200166558,0.33904352179416736,33.90435217941673,6.278583736929026,NA,NA,NA,NA
PR3LL,65,PR,3,LOW,LOW,4.044973070844785,0.5924090872490909,59.24090872490909,9.113985957678322,NA,NA,NA,NA
PR3LH,54,PR,3,LOW,HIGH,2.7524188315846336,0.3760943435409168,37.60943435409168,6.964710065572533,NA,NA,NA,NA
PR13HH,54,PR,13,HIGH,HIGH,5.009160612239066,0.43541999589839525,43.54199958983953,8.063333257377689,NA,NA,NA,NA
PR13HL,54,PR,13,HIGH,LOW,4.464923181076681,0.43892204029967696,43.892204029967694,8.1281859314755,NA,NA,NA,NA
PR4LL,54,PR,4,LOW,LOW,6.414444435254218,0.37612593650441034,37.612593650441035,6.965295120452043,NA,NA,NA,NA
PR4LH,54,PR,4,LOW,HIGH,5.0717705873846,0.3689089049517392,36.89089049517392,6.831646387995171,NA,NA,NA,NA
PR5LL,65,PR,5,LOW,LOW,3.783794864227003,0.576772103033893,57.6772103033893,8.873416969752201,NA,NA,NA,NA
PR5LH,54,PR,5,LOW,HIGH,2.0980586453757653,0.3188481736220317,31.884817362203172,5.904595807815403,NA,NA,NA,NA
PR6LL,54,PR,6,LOW,LOW,2.9821689507312055,0.35613285946025647,35.61328594602565,6.595052952967713,NA,NA,NA,NA
PR6LH,54,PR,6,LOW,HIGH,2.9226166951319623,0.2802253613913503,28.022536139135028,5.189358544284265,NA,NA,NA,NA
PR7LL,65,PR,7,LOW,LOW,5.186407597182727,0.5402029213909871,54.020292139098714,8.310814175245957,NA,NA,NA,NA
PR7LH,54,PR,7,LOW,HIGH,3.2744581172014957,0.27410088283837114,27.410088283837116,5.0759422747846505,NA,NA,NA,NA
PR8LL,54,PR,8,LOW,LOW,6.435039961702023,0.552051505730958,55.20515057309579,10.223176032054777,NA,NA,NA,NA
PR8LH,54,PR,8,LOW,HIGH,4.29394749520487,0.4847774265850834,48.47774265850834,8.977359751575618,NA,NA,NA,NA
PR9LL,54,PR,9,LOW,LOW,7.325109587896495,0.49319459485973843,49.319459485973844,9.133233238143305,NA,NA,NA,NA
PR9LH,54,PR,9,LOW,HIGH,6.0832291249899555,0.40597817524681834,40.59781752468184,7.518114356422561,NA,NA,NA,NA
PR10LL,54,PR,10,LOW,LOW,3.4441992027075266,0.21924305080552847,21.92430508055285,4.060056496398675,NA,NA,NA,NA
PR10LH,54,PR,10,LOW,HIGH,3.5751277094081786,0.18368865212692748,18.368865212692747,3.4016417060542126,NA,NA,NA,NA
PR11LL,54,PR,11,LOW,LOW,4.221579156535004,0.31391487467347257,31.391487467347257,5.813238419879122,NA,NA,NA,NA
PR11LH,54,PR,11,LOW,HIGH,4.908737475421454,0.26589732426327933,26.589732426327934,4.924024523394062,NA,NA,NA,NA
PR12LL,54,PR,12,LOW,LOW,5.462403080414305,0.31103669500552117,31.103669500552115,5.75993879639854,NA,NA,NA,NA
PR12LH,54,PR,12,LOW,HIGH,4.128959982130784,0.41247451232966315,41.24745123296631,7.638416894993762,NA,NA,NA,NA
PA1LH,45,PA,1,LOW,HIGH,6.668498864756337,0.4582651004235634,45.82651004235634,10.18366889830141,NA,NA,NA,NA
PA1LL,45,PA,1,LOW,LOW,5.146647542652893,0.6204875107555204,62.04875107555205,13.788611350122677,NA,NA,NA,NA
PA2LH,45,PA,2,LOW,HIGH,6.435836033254766,0.3304037760739915,33.04037760739915,7.34230613497759,NA,NA,NA,NA
PA2LL,45,PA,2,LOW,LOW,6.8477540840661355,0.32869897964063444,32.86989796406344,7.304421769791876,NA,NA,NA,NA
PA3LH,45,PA,3,LOW,HIGH,7.307580552476789,0.3502131804682668,35.021318046826686,7.782515121517041,NA,NA,NA,NA
PA3LL,45,PA,3,LOW,LOW,8.352659856790861,0.40986679026535716,40.98667902653572,9.108150894785714,NA,NA,NA,NA
PA4LL,45,PA,4,LOW,LOW,4.2161512461758495,0.4382774204242629,43.82774204242629,9.739498231650286,NA,NA,NA,NA
PA5LH,45,PA,5,LOW,HIGH,2.451949689052956,0.3699824706299432,36.998247062994324,8.221832680665404,NA,NA,NA,NA
PA5LL,45,PA,5,LOW,LOW,2.82915365112825,0.2893973307816018,28.93973307816018,6.431051795146707,NA,NA,NA,NA
PA6LH,45,PA,6,LOW,HIGH,6.8635915224731185,0.4817984013103115,48.17984013103115,10.706631140229144,NA,NA,NA,NA
PA6LL,45,PA,6,LOW,LOW,7.679902645871817,0.5946682144107911,59.46682144107911,13.21484920912869,NA,NA,NA,NA
PA7LH,45,PA,7,LOW,HIGH,4.142758847610674,0.36004363241003917,36.004363241003915,8.000969609111982,NA,NA,NA,NA
PA7LL,45,PA,7,LOW,LOW,3.5316007383255013,0.40129165446447074,40.129165446447075,8.917592321432682,NA,NA,NA,NA
PA8LH,45,PA,8,LOW,HIGH,6.864103221149646,0.462415593970751,46.2415593970751,10.275902088238912,NA,NA,NA,NA
PA8LL,45,PA,8,LOW,LOW,5.94458285642806,0.3043273816549839,30.432738165498392,6.762830703444087,NA,NA,NA,NA
PA9LH,45,PA,9,LOW,HIGH,3.875663018199706,0.17628089181063694,17.628089181063693,3.9173531513474877,NA,NA,NA,NA
PA9LL,45,PA,9,LOW,LOW,4.096993185288309,0.22954745235274707,22.954745235274707,5.101054496727713,NA,NA,NA,NA
PA10LH,45,PA,10,LOW,HIGH,1.1031860001655467,0.06492978996935275,6.492978996935276,1.4428842215411724,NA,NA,NA,NA
PA10LL,45,PA,10,LOW,LOW,3.055809094928506,0.15389884455499311,15.389884455499311,3.4199743234442916,NA,NA,NA,NA
PA11LH,45,PA,11,LOW,HIGH,4.430678409971584,0.6030333469128675,60.30333469128675,13.400741042508166,NA,NA,NA,NA
PA11LL,45,PA,11,LOW,LOW,4.794084028331868,0.4007902365362642,40.07902365362642,8.906449700805872,NA,NA,NA,NA
PA12LH,45,PA,12,LOW,HIGH,3.644276347544011,0.21967579938221468,21.96757993822147,4.881684430715882,NA,NA,NA,NA
PA12LL,45,PA,12,LOW,LOW,2.798399798229152,0.16060237664734842,16.060237664734842,3.568941703274409,NA,NA,NA,NA
PA13LH,45,PA,13,LOW,HIGH,3.4994738068794593,0.5974088299081021,59.740882990810206,13.275751775735602,NA,NA,NA,NA
PA13LL,45,PA,13,LOW,LOW,3.559172352583605,0.38784453904291705,38.7844539042917,8.618767534287047,NA,NA,NA,NA
PR13LL,49,PR,13,LOW,LOW,3.3795923724998005,0.33986416678731785,33.986416678731786,6.936003403822814,NA,NA,NA,NA
LK10HL,60,LK,10,HIGH,LOW,1.936351960815884,0.09700318631649156,9.700318631649155,1.616719771941526,NA,NA,NA,NA
LK11HH,60,LK,11,HIGH,HIGH,2.4873888780147624,0.11604200608271417,11.604200608271418,1.9340334347119028,NA,NA,NA,NA
LK12HH,60,LK,12,HIGH,HIGH,2.0529727467803838,0.12603867604062322,12.603867604062321,2.100644600677054,NA,NA,NA,NA
LK12HL,60,LK,12,HIGH,LOW,1.4602304280003615,0.07513891579431815,7.5138915794318155,1.2523152632386358,NA,NA,NA,NA
LK13HH,60,LK,13,HIGH,HIGH,2.7566252997412732,0.07516336248219914,7.516336248219914,1.2527227080366523,NA,NA,NA,NA
LK13HL,60,LK,13,HIGH,LOW,1.5548890014683572,0.055205540853477265,5.520554085347727,0.9200923475579543,NA,NA,NA,NA
LK1HH,60,LK,1,HIGH,HIGH,1.4520398705475799,0.14734153547190654,14.734153547190655,2.455692257865109,NA,NA,NA,NA
LK1HL,60,LK,1,HIGH,LOW,1.6253162414508058,0.19865505117123225,19.865505117123224,3.310917519520537,NA,NA,NA,NA
LK2HH,60,LK,2,HIGH,HIGH,2.4824228453684043,0.09607520990235245,9.607520990235246,1.6012534983725408,NA,NA,NA,NA
LK2HL,60,LK,2,HIGH,LOW,3.6602450018009414,0.1424158513332524,14.241585133325241,2.3735975222208734,NA,NA,NA,NA
LK4HH,60,LK,4,HIGH,HIGH,1.5738086328966432,0.066395729747811,6.6395729747811,1.1065954957968498,NA,NA,NA,NA
LK4HL,60,LK,4,HIGH,LOW,0.8342308958113627,0.05080987936627802,5.0809879366278015,0.8468313227713002,NA,NA,NA,NA
LK5HH,60,LK,5,HIGH,HIGH,2.087461620920397,0.09110631286170227,9.110631286170227,1.518438547695038,NA,NA,NA,NA
LK5HL,60,LK,5,HIGH,LOW,1.4694700028162622,0.10100093096043385,10.100093096043384,1.6833488493405642,NA,NA,NA,NA
LK6HH,60,LK,6,HIGH,HIGH,2.079988356341218,0.18022749593144727,18.022749593144727,3.0037915988574544,NA,NA,NA,NA
LK7HH,60,LK,7,HIGH,HIGH,2.713565977323878,0.13629457443190618,13.629457443190617,2.2715762405317697,NA,NA,NA,NA
LK7HL,60,LK,7,HIGH,LOW,1.4665869363127655,0.10797423998639478,10.797423998639479,1.7995706664399131,NA,NA,NA,NA
LK8HH,60,LK,8,HIGH,HIGH,2.9292612101439097,0.15467554659325541,15.467554659325542,2.577925776554257,NA,NA,NA,NA
LK9HL,60,LK,9,HIGH,LOW,0.7429543752908749,0.05075705047728285,5.075705047728285,0.8459508412880475,NA,NA,NA,NA
TO10HH,60,TO,10,HIGH,HIGH,-0.1593,-0.029344041851640353,-2.9344041851640355,-0.4890673641940059,0.20000000000000018,3.448275862068969,5,100
TO10HL,60,TO,10,HIGH,LOW,-2.6352,-0.3788983306733382,-37.889833067333825,-6.31497217788897,-0.5,-7.575757575757576,5,100
TO10LH,60,TO,10,LOW,HIGH,0.91829999999999945,0.22052254934921459,22.052254934921457,3.6753758224869095,1.2000000000000002,26.086956521739136,NA,NA
TO10LL,60,TO,10,LOW,LOW,1.9157000000000002,0.3202708350748141,32.02708350748141,5.3378472512469015,1.2999999999999998,23.636363636363633,10,200
TO11HL,60,TO,11,HIGH,LOW,3.4259000000000004,0.6302939986017589,63.02939986017589,10.504899976695983,2,40,15,300
TO11LH,60,TO,11,LOW,HIGH,3.6615,1.0368996375169914,103.68996375169914,17.28166062528319,2.8999999999999995,69.04761904761904,NA,NA
TO11LL,60,TO,11,LOW,LOW,-0.09590000000000032,-0.019828798279712248,-1.9828798279712248,-0.33047997132853746,-0.3000000000000007,-5.555555555555569,5,100
TO12HH,60,TO,12,HIGH,HIGH,1.5881999999999996,0.20522561637463166,20.522561637463166,3.4204269395771942,-1.2000000000000002,-18.750000000000004,NA,NA
TO12HL,60,TO,12,HIGH,LOW,-5.808,-0.6219880485767526,-62.19880485767526,-10.36646747627921,-2.5,-35.714285714285715,NA,NA
TO12LH,55,TO,12,LOW,HIGH,2.1798,0.32994278448823905,32.994278448823906,5.998959717967983,0.5999999999999996,11.111111111111104,NA,NA
TO12LL,55,TO,12,LOW,LOW,0.10770000000000035,0.014059134521245395,1.4059134521245396,0.2556206276590072,0.20000000000000018,3.5087719298245648,10,100
TO13HH,60,TO,13,HIGH,HIGH,0.6388999999999996,0.14088513528412963,14.088513528412964,2.348085588068827,0.7999999999999998,14.814814814814811,15,300
TO13HL,60,TO,13,HIGH,LOW,4.986299999999999,0.8897910383839823,88.97910383839823,14.82985063973304,3.4000000000000004,62.96296296296296,15,300
TO13LH,55,TO,13,LOW,HIGH,1.6538000000000004,0.19992746615087045,19.992746615087047,3.6350448391067354,0.7999999999999998,13.33333333333333,5,50
TO13LL,56,TO,13,LOW,LOW,3.7778,0.5559267162092562,55.592671620925614,9.927262789451001,2.7,54,10,100
TO1HH,60,TO,1,HIGH,HIGH,2.0757000000000003,0.3813381834215168,38.133818342151685,6.3556363903586135,2.3,54.76190476190476,10,200
TO1HL,60,TO,1,HIGH,LOW,2.1743999999999994,0.42243506304276013,42.24350630427601,7.040584384046002,2,43.47826086956522,10,200
TO1LH,60,TO,1,LOW,HIGH,0.007399999999999629,9.855628362899725e-4,0.09855628362899725,0.01642604727149954,0.09999999999999964,1.6129032258064457,10,100
TO1LL,60,TO,1,LOW,LOW,2.198200000000001,0.3901183736489966,39.01183736489966,6.501972894149944,2.6000000000000005,49.05660377358492,0,0
TO2HH,60,TO,2,HIGH,HIGH,-7.0161999999999995,-0.7108107834297466,-71.08107834297466,-11.846846390495775,-1.7999999999999998,-23.684210526315788,0,0
TO2HL,60,TO,2,HIGH,LOW,-2.4505000000000003,-0.4193189596167009,-41.931895961670094,-6.988649326945015,-2.2,-34.920634920634924,5,100
TO2LH,60,TO,2,LOW,HIGH,3.949200000000001,0.7623938223938227,76.23938223938227,12.706563706563712,2.9000000000000004,48.33333333333334,10,200
TO2LL,60,TO,2,LOW,LOW,1.4818000000000007,0.21399997111621402,21.399997111621403,3.5666661852702335,-0.20000000000000018,-3.1250000000000027,15,300
TO3HH,60,TO,3,HIGH,HIGH,1.5250999999999992,0.25900954451275415,25.900954451275414,4.316825741879236,0.2999999999999998,4.411764705882351,NA,NA
TO3HL,60,TO,3,HIGH,LOW,3.3673999999999995,0.9106249492955459,91.06249492955459,15.1770824882591,0.6999999999999993,10.93749999999999,10,200
VF1LL,58,VF,1,LOW,LOW,7.0474000000000006,1.0099889648451497,100.99889648451497,17.413602842157754,NA,NA,8,114.28571428571428
VF1LH,58,VF,1,LOW,HIGH,-5.3961,-0.7390298016873014,-73.90298016873014,-12.74189313253968,NA,NA,-2,-28.57142857142857
VF2LL,58,VF,2,LOW,LOW,3.0172,0.6339321357285429,63.39321357285429,10.92986440911281,NA,NA,5,100
VF2LH,58,VF,2,LOW,HIGH,-1.1187000000000005,-0.19175194117344585,-19.175194117344585,-3.3060679512663076,NA,NA,5,100
VF3LL,58,VF,3,LOW,LOW,2.8948,0.545622467250966,54.5622467250966,9.407283918120104,NA,NA,NA,NA
VF3LH,58,VF,3,LOW,HIGH,0.9815999999999994,0.17535460359426905,17.535460359426907,3.023355234383949,NA,NA,3,42.857142857142854
VF4LL,58,VF,4,LOW,LOW,13.7508,2.3341650965015024,233.41650965015023,40.24422580175004,NA,NA,20,400
VF4LH,58,VF,4,LOW,HIGH,-6.2854,-0.8580633711485167,-85.80633711485167,-14.79419605428477,NA,NA,1,20
VF5LL,58,VF,5,LOW,LOW,9.761699999999998,1.5164512520971847,151.64512520971846,26.145711243054908,NA,NA,2,25
VF5LH,58,VF,5,LOW,HIGH,-4.188899999999999,-0.7315833595305459,-73.15833595305459,-12.613506198802515,NA,NA,0,0
VF6LL,58,VF,6,LOW,LOW,-0.5616000000000003,-0.09641036205387038,-9.641036205387039,-1.6622476216184547,NA,NA,2,25
VF6LH,59,VF,6,LOW,HIGH,-3.5551,-0.8730599214145383,-87.30599214145383,-14.797625786687089,NA,NA,NA,NA
VF7LL,58,VF,7,LOW,LOW,4.4575,0.66058567236729,66.058567236729,11.389408144263623,NA,NA,8,114.28571428571428
VF7LH,58,VF,7,LOW,HIGH,-6.4539,-0.8409866826509603,-84.09866826509604,-14.499770390533799,NA,NA,NA,NA
VF8LL,58,VF,8,LOW,LOW,12.633199999999999,2.8239449213161656,282.3944921316166,48.688705539933885,NA,NA,10,200
VF8LH,58,VF,8,LOW,HIGH,-2.9627,-0.6586558769258131,-65.8655876925813,-11.356135809065742,NA,NA,NA,NA
VF9LL,58,VF,9,LOW,LOW,5.091099999999999,1.1692120432675743,116.92120432675743,20.158828332199555,NA,NA,NA,NA
VF9LH,58,VF,9,LOW,HIGH,-2.5643000000000002,-0.5940967958668304,-59.40967958668304,-10.243048204600523,NA,NA,5,100
VF10LL,58,VF,10,LOW,LOW,2.3354,0.33771492198458486,33.77149219845849,5.822671068699739,NA,NA,5,50
VF10LH,58,VF,10,LOW,HIGH,-5.6642,-0.8197580178302651,-81.97580178302651,-14.13375892810802,NA,NA,-3,-37.5
VF11LL,58,VF,11,LOW,LOW,0.3559000000000001,0.06434757453578986,6.434757453578986,1.109440940272239,NA,NA,5,100
VF11LH,64,VF,11,LOW,HIGH,-3.3356000000000003,-0.4814526139545625,-48.14526139545625,-7.52269709304004,NA,NA,3,42.857142857142854
VF12LL,58,VF,12,LOW,LOW,8.9985,1.3231337028922643,132.31337028922644,22.812650049866626,NA,NA,5,50
VF12LH,58,VF,12,LOW,HIGH,2.1694000000000004,0.40039127385478585,40.03912738547859,6.9032978250825145,NA,NA,5,100
VF13LL,58,VF,13,LOW,LOW,1.4360999999999997,0.2848161516798222,28.48161516798222,4.9106233048245205,NA,NA,NA,NA
LC1HL,52,LC,1,HIGH,LOW,-3.2782,-0.26303247185692163,-26.303247185692165,-5.058316766479262,NA,NA,20,200
LC1HH,52,LC,1,HIGH,HIGH,-11.332699999999999,-0.7025329795675461,-70.25329795675461,-13.510249607068195,NA,NA,15,100
LC2HL,51,LC,2,HIGH,LOW,-5.251500000000001,-0.6160261824324325,-61.60261824324324,-12.078944753577106,NA,NA,16,160
LC2HH,51,LC,2,HIGH,HIGH,-6.413999999999999,-0.45503561395045256,-45.50356139504525,-8.922266940204953,NA,NA,NA,NA
LC3HL,52,LC,3,HIGH,LOW,-6.0304,-0.38176270242210153,-38.17627024221015,-7.34159043119426,NA,NA,15,100
LC3HH,52,LC,3,HIGH,HIGH,-7.8049,-0.6427012738905953,-64.27012738905952,-12.359639882511448,NA,NA,15,150
LC4HH,51,LC,4,HIGH,HIGH,-0.24059999999999881,-0.02539689241682136,-2.5396892416821357,-0.4979782826827718,NA,NA,10,100
LC5HL,51,LC,5,HIGH,LOW,2.268600000000001,0.21743839437186713,21.74383943718671,4.26349792886014,NA,NA,15,150
LC5HH,51,LC,5,HIGH,HIGH,-3.0058000000000007,-0.24194275411313956,-24.194275411313956,-4.743975570845874,NA,NA,10,66.66666666666666
LC6HL,51,LC,6,HIGH,LOW,-4.2662,-0.3778206808601084,-37.78206808601084,-7.408248644315851,NA,NA,NA,NA
LC6HH,51,LC,6,HIGH,HIGH,-3.0121000000000002,-0.2599596092104809,-25.995960921048088,-5.097247239421194,NA,NA,15,150
LC7HL,51,LC,7,HIGH,LOW,-5.248800000000001,-0.4095281936848019,-40.95281936848019,-8.029964582054939,NA,NA,0,0
LC7HH,51,LC,7,HIGH,HIGH,-7.2531,-0.7828916833072481,-78.2891683307248,-15.350817319749964,NA,NA,NA,NA
LC8HL,52,LC,8,HIGH,LOW,-3.3507999999999996,-0.19296396754372325,-19.296396754372324,-3.7108455296869858,NA,NA,20,100
LC8HH,52,LC,8,HIGH,HIGH,-4.805199999999999,-0.3521402346526744,-35.21402346526744,-6.771927589474508,NA,NA,5,33.33333333333333
LC9HL,51,LC,9,HIGH,LOW,-4.247699999999999,-0.42746301700714495,-42.7463017007145,-8.381627784453823,NA,NA,10,100
LC9HH,51,LC,9,HIGH,HIGH,-3.5907,-0.45926276476005323,-45.92627647600532,-9.005152250197122,NA,NA,5,50
LC10HL,51,LC,10,HIGH,LOW,-3.3288,-0.38217701289307815,-38.21770128930781,-7.49366691947212,NA,NA,5,50
LC10HH,51,LC,10,HIGH,HIGH,-2.6579000000000006,-0.3177443842723763,-31.774438427237627,-6.230282044556398,NA,NA,5,50
LC11HL,51,LC,11,HIGH,LOW,-5.431800000000001,-0.3688377651628324,-36.88377651628324,-7.2321130424084785,NA,NA,10,66.66666666666666
LC11HH,51,LC,11,HIGH,HIGH,-5.7170000000000005,-0.3436048153958037,-34.36048153958037,-6.737349321486346,NA,NA,NA,NA
LC12HL,51,LC,12,HIGH,LOW,-2.9688,-0.4184355179704017,-41.84355179704017,-8.204617999419641,NA,NA,NA,NA
LC12HH,51,LC,12,HIGH,HIGH,-7.0299000000000005,-0.7188992401853007,-71.88992401853007,-14.096063533045113,NA,NA,10,100
LC13HL,51,LC,13,HIGH,LOW,-4.0986,-0.37968632754963083,-37.96863275496308,-7.444829951953546,NA,NA,NA,NA
HO1LL,55,HO,1,LOW,LOW,6.270299999999999,0.807736899057041,80.7736899057041,14.686125437400747,NA,NA,10,100
HO3LH,54,HO,3,LOW,HIGH,2.8813999999999993,0.33295585856251436,33.295585856251435,6.165849232639155,NA,NA,5,50
HO3LL,54,HO,3,LOW,LOW,7.902800000000001,0.9712417658047392,97.12417658047391,17.985958626013687,NA,NA,15,300
HO4LH,54,HO,4,LOW,HIGH,2.7094999999999994,0.35206143371317933,35.206143371317935,6.519656179873691,NA,NA,5,100
HO4LL,54,HO,4,LOW,LOW,2.5111000000000008,0.4081496651713154,40.81496651713154,7.5583271328021375,NA,NA,10,200
HO5LH,54,HO,5,LOW,HIGH,11.561399999999999,1.1850674976168265,118.50674976168266,21.945694400311602,NA,NA,15,150
HO5LL,54,HO,5,LOW,LOW,12.077300000000001,1.3754213739067058,137.54213739067058,25.470766183457517,NA,NA,20,400
HO6LH,54,HO,6,LOW,HIGH,1.8887,0.22794419368075503,22.794419368075502,4.221188771865834,NA,NA,10,200
HO6LL,54,HO,6,LOW,LOW,4.387400000000001,0.5416944465022102,54.169444650221024,10.03137863892982,NA,NA,5,50
HO7LH,54,HO,7,LOW,HIGH,6.400699999999999,1.1788312429784331,117.88312429784331,21.830208203304316,NA,NA,5,100
HO7LL,54,HO,7,LOW,LOW,19.0764,2.8416254543287853,284.1625454328785,52.62269359868121,NA,NA,25,500
HO8LH,54,HO,8,LOW,HIGH,5.6640999999999995,1.2980337336144467,129.80337336144467,24.037661733600867,NA,NA,5,100
HO8LL,54,HO,8,LOW,LOW,14.217699999999999,2.858863508405051,285.8863508405051,52.941916822315754,NA,NA,15,300
HO9LH,54,HO,9,LOW,HIGH,3.58,0.8679629539834166,86.79629539834166,16.073388036729938,NA,NA,15,300
HO9LL,54,HO,9,LOW,LOW,5.9392,1.3357022377150567,133.57022377150568,24.7352266243529,NA,NA,5,100
HO10LH,56,HO,10,LOW,HIGH,0.7498000000000005,0.17845157912273615,17.845157912273617,3.186635341477431,NA,NA,NA,NA
HO11LL,56,HO,11,LOW,LOW,-3.6979999999999995,-0.6405681621340723,-64.05681621340723,-11.438717180965577,NA,NA,NA,NA
HO12LH,54,HO,12,LOW,HIGH,13.3896,1.878187684107168,187.8187684107168,34.78125340939201,NA,NA,17,212.5
HO12LL,54,HO,12,LOW,LOW,12.4226,1.6866157981915442,168.6615798191544,31.233625892436006,NA,NA,15,300
HO13LH,56,HO,13,LOW,HIGH,0.36219999999999963,0.05297877631020809,5.297877631020809,0.9460495769680015,NA,NA,5,100
HO13LL,54,HO,13,LOW,LOW,13.6997,2.4028659627459925,240.28659627459925,44.49751782862949,NA,NA,15,300
GS1LL,55,GS,1,LOW,LOW,3.678600000000003,0.12062011843632582,12.062011843632582,2.1930930624786513,NA,NA,7,28.000000000000004
GS1LH,54,GS,1,LOW,HIGH,2.7349999999999994,0.14019458085152187,14.019458085152186,2.596195941694849,NA,NA,-10,-28.57142857142857
GS2LH,54,GS,2,LOW,HIGH,3.200999999999997,0.1443738837070846,14.43738837070846,2.673590439020085,NA,NA,5,25
GS2LL,55,GS,2,LOW,LOW,3.753800000000002,0.18441116940792715,18.441116940792714,3.352930352871403,NA,NA,-1,-7.6923076923076925
GS3LH,59,GS,3,LOW,HIGH,0.19299999999999962,0.012694027887398027,1.2694027887398027,0.21515301504064452,NA,NA,NA,NA
GS3LL,55,GS,3,LOW,LOW,3.740400000000001,0.13066899563318782,13.066899563318781,2.3757999206034146,NA,NA,NA,NA
GS4LH,54,GS,4,LOW,HIGH,3.016000000000002,0.14240521271070408,14.240521271070408,2.6371335687167425,NA,NA,13,68.42105263157895
GS4LL,55,GS,4,LOW,LOW,2.4350000000000023,0.133622345387697,13.362234538769698,2.429497188867218,NA,NA,0,0
GS5LH,54,GS,5,LOW,HIGH,1.4174000000000007,0.05387346159986015,5.3873461599860155,0.9976566962937065,NA,NA,0,0
GS5LL,59,GS,5,LOW,LOW,0.49040000000000106,0.024753799637576967,2.4753799637576965,0.4195559260606266,NA,NA,NA,NA
GS6LH,59,GS,6,LOW,HIGH,0.9110999999999976,0.03544860322153908,3.544860322153908,0.6008237834159167,NA,NA,NA,NA
GS6LL,55,GS,6,LOW,LOW,0.6829000000000001,0.03182837194778078,3.182837194778078,0.5786976717778324,NA,NA,12,92.3076923076923
GS7LH,54,GS,7,LOW,HIGH,2.0017999999999994,0.09458022877283828,9.458022877283828,1.7514857180155237,NA,NA,0,0
GS7LL,55,GS,7,LOW,LOW,3.4619999999999997,0.1369294113459188,13.69294113459188,2.4896256608348875,NA,NA,12,63.1578947368421
GS8LH,54,GS,8,LOW,HIGH,3.1885000000000012,0.136146646398743,13.614664639874299,2.521234192569315,NA,NA,13,108.33333333333333
GS8LL,55,GS,8,LOW,LOW,1.5473,0.06884997886399537,6.884997886399537,1.2518177975271885,NA,NA,13,108.33333333333333
GS9LH,59,GS,9,LOW,HIGH,0.9289999999999985,0.05643916841836663,5.643916841836663,0.95659607488757,NA,NA,7,58.333333333333336
GS9LL,59,GS,9,LOW,LOW,1.6403999999999996,0.0999981712112068,9.99981712112068,1.6948842578170644,NA,NA,0,0
GS10LH,54,GS,10,LOW,HIGH,1.3791999999999973,0.05814404478845202,5.814404478845201,1.0767415701565188,NA,NA,0,0
GS10LL,55,GS,10,LOW,LOW,0.24269999999999925,0.027052030852913553,2.7052030852913553,0.49185510641661,NA,NA,0,0
GS12LH,54,GS,12,LOW,HIGH,-2.5534999999999997,-0.1082872506445922,-10.82872506445922,-2.005319456381337,NA,NA,1,8.333333333333332
GS12LL,44,GS,12,LOW,LOW,2.475200000000001,0.0992438032765852,9.92438032765852,2.2555409835587548,NA,NA,20,166.66666666666669
GS13LH,54,GS,13,LOW,HIGH,1.5225000000000009,0.042040823088902904,4.204082308890291,0.7785337609056093,NA,NA,NA,NA
GS13LL,55,GS,13,LOW,LOW,2.4715000000000025,0.12019043728602564,12.019043728602565,2.185280677927739,NA,NA,13,108.33333333333333
GS1HL,54,GS,1,HIGH,LOW,5.373800000000003,0.22928995976396008,22.928995976396006,4.24611036599926,NA,NA,15,93.75
GS2HL,43,GS,2,HIGH,LOW,1.875700000000002,0.055943951658603865,5.594395165860386,1.3010221315954387,NA,NA,12,48
GS2HH,59,GS,2,HIGH,HIGH,1.927500000000002,0.040948344539689666,4.094834453968967,0.6940397379608417,NA,NA,NA,NA
GS3HL,59,GS,3,HIGH,LOW,2.793099999999999,0.11628274888738084,11.628274888738083,1.9708940489386582,NA,NA,NA,NA
GS3HH,55,GS,3,HIGH,HIGH,-5.981400000000001,-0.22046855188275885,-22.046855188275885,-4.00851912514107,NA,NA,20,166.66666666666669
GS4HL,54,GS,4,HIGH,LOW,3.6708,0.1396553888764186,13.96553888764186,2.586210905118863,NA,NA,13,68.42105263157895
GS4HH,55,GS,4,HIGH,HIGH,3.080400000000001,0.13422982565461228,13.422982565461227,2.440542284629314,NA,NA,12,63.1578947368421
GS5HL,54,GS,5,HIGH,LOW,0.41499999999999915,0.012072024900369408,1.207202490036941,0.22355601667350758,NA,NA,12,48
GS5HH,55,GS,5,HIGH,HIGH,2.9669999999999987,0.09166290787985884,9.166290787985885,1.6665983250883425,NA,NA,12,48
GS6HL,54,GS,6,HIGH,LOW,3.2250000000000014,0.13457967325307243,13.457967325307244,2.492216171353193,NA,NA,19,146.15384615384613
GS6HH,55,GS,6,HIGH,HIGH,0.3877999999999986,0.013560104340771876,1.3560104340771877,0.24654735165039773,NA,NA,13,52
GS7HL,54,GS,7,HIGH,LOW,0.4549999999999983,0.019245736329182386,1.9245736329182386,0.3564025246144886,NA,NA,12,92.3076923076923
GS7HH,55,GS,7,HIGH,HIGH,0.834699999999998,0.028204660341145556,2.8204660341145558,0.5128120062026464,NA,NA,0,0
GS8HH,59,GS,8,HIGH,HIGH,0.06769999999999854,0.0026626183331300724,0.26626183331300723,0.04512912429034021,NA,NA,NA,NA
GS9HL,54,GS,9,HIGH,LOW,0.958599999999997,0.028683938071898268,2.8683938071898267,0.5311840383684864,NA,NA,7,28.000000000000004
GS9HH,55,GS,9,HIGH,HIGH,5.3812,0.20433643440288587,20.433643440288588,3.7152078982342887,NA,NA,12,63.1578947368421
GS10HL,59,GS,10,HIGH,LOW,-1.1047999999999973,-0.027302742136375256,-2.7302742136375255,-0.4627583412944959,NA,NA,NA,NA
GS10HH,44,GS,10,HIGH,HIGH,-0.016399999999997306,-4.7095310570592153e-4,-0.04709531057059215,-0.01070347967513458,NA,NA,13,52
GS11HL,59,GS,11,HIGH,LOW,1.5298999999999978,0.07301858516050809,7.301858516050809,1.2376031383136965,NA,NA,NA,NA
GS11HH,55,GS,11,HIGH,HIGH,-0.5253999999999976,-0.016182585394400397,-1.6182585394400397,-0.29422882535273454,NA,NA,0,0
GS12HL,54,GS,12,HIGH,LOW,4.659500000000001,0.13648653002879418,13.648653002879419,2.5275283338665586,NA,NA,12,48
GS12HH,55,GS,12,HIGH,HIGH,0.10050000000000026,0.0031730195464318607,0.31730195464318606,0.057691264480579284,NA,NA,1,5.263157894736842
GS13HL,54,GS,13,HIGH,LOW,2.836499999999994,0.064981329179171,6.498132917917101,1.203357947762426,NA,NA,6,16.216216216216218
GS13HH,55,GS,13,HIGH,HIGH,2.1996000000000002,0.07553804890947867,7.553804890947867,1.3734190710814302,NA,NA,12,48
DN1HL,59,DN,1,HIGH,LOW,0.7966999999999995,0.08506753510223687,8.506753510223687,1.4418226288514724,NA,NA,9,128.57142857142858
DN1HH,59,DN,1,HIGH,HIGH,0.5827,0.1014679506155641,10.14679506155641,1.7197957731451543,NA,NA,1,33.33333333333333
DN2HL,59,DN,2,HIGH,LOW,1.0065,0.16461410136892202,16.4614101368922,2.790069514727492,NA,NA,0,0
DN2HH,59,DN,2,HIGH,HIGH,0.8698999999999995,0.10569994775149144,10.569994775149144,1.7915245381608718,NA,NA,0,0
DN3HL,59,DN,3,HIGH,LOW,0.9604999999999997,0.15914438148258603,15.914438148258602,2.6973623980099326,NA,NA,1,33.33333333333333
DN3HH,59,DN,3,HIGH,HIGH,0.5419,0.08875894714428449,8.87589471442845,1.5043889346488897,NA,NA,2,50
DN4HL,59,DN,4,HIGH,LOW,0.42459999999999987,0.06212961472615265,6.212961472615265,1.0530443173924178,NA,NA,1,33.33333333333333
DN4HH,59,DN,4,HIGH,HIGH,0.23970000000000002,0.03211543872342136,3.211543872342136,0.5443294698884976,NA,NA,3,100
DN5HL,59,DN,5,HIGH,LOW,0.2851999999999997,0.029047206803483185,2.9047206803483183,0.4923255390420879,NA,NA,-2,-28.57142857142857
DN5HH,59,DN,5,HIGH,HIGH,0.49659999999999904,0.04641728824332146,4.641728824332146,0.7867336990393468,NA,NA,12,200
DN6HL,59,DN,6,HIGH,LOW,0.4616000000000007,0.04628264901990281,4.628264901990281,0.7844516783034374,NA,NA,2,50
DN6HH,59,DN,6,HIGH,HIGH,-0.0045999999999999375,-3.883036196650407e-4,-0.03883036196650407,-0.006581417282458317,NA,NA,2,33.33333333333333
DN7HL,59,DN,7,HIGH,LOW,-0.1440999999999999,-0.014598466198624227,-1.4598466198624227,-0.24743163048515637,NA,NA,-3,-42.857142857142854
DN7HH,59,DN,7,HIGH,HIGH,0.3353999999999999,0.05775688381464068,5.775688381464068,0.9789302341464523,NA,NA,2,100
DN8HL,59,DN,8,HIGH,LOW,0.25229999999999997,0.037700043333383136,3.7700043333383135,0.6389837853115785,NA,NA,0,0
DN8HH,59,DN,8,HIGH,HIGH,0.2756999999999996,0.040835974760790296,4.08359747607903,0.6921351654371236,NA,NA,1,25
DN9HL,59,DN,9,HIGH,LOW,0.4683999999999999,0.06264795966134791,6.264795966134791,1.0618298247686087,NA,NA,-1,-20
DN9HH,59,DN,9,HIGH,HIGH,0.3647999999999998,0.08557353976073183,8.557353976073182,1.4503989789954548,NA,NA,0,0
DN10HL,59,DN,10,HIGH,LOW,0.42620000000000147,0.04050714720194661,4.050714720194661,0.686561816982146,NA,NA,0,0
DN10HH,59,DN,10,HIGH,HIGH,-0.11940000000000062,-0.00831412635522353,-0.8314126355223529,-0.14091739585124627,NA,NA,0,0
DN11HL,59,DN,11,HIGH,LOW,0.39840000000000053,0.07740130556419035,7.740130556419035,1.3118865349862772,NA,NA,-1,-33.33333333333333
DN11HH,59,DN,11,HIGH,HIGH,0.5093000000000014,0.059125367139158974,5.912536713915897,1.0021248667654064,NA,NA,-1,-14.285714285714285
DN12HL,59,DN,12,HIGH,LOW,0.22240000000000038,0.035851885286863505,3.5851885286863503,0.6076590726587034,NA,NA,0,0
DN12HH,59,DN,12,HIGH,HIGH,-0.004100000000001103,-4.450474898237289e-4,-0.04450474898237289,-0.0075431777936225235,NA,NA,-1,-16.666666666666664
DN13HL,59,DN,13,HIGH,LOW,0.45559999999999956,0.09564195146527826,9.564195146527826,1.6210500248352249,NA,NA,-1,-25
DN13HH,59,DN,13,HIGH,HIGH,-0.019900000000001583,-0.002135238953625784,-0.2135238953625784,-0.036190490739420066,NA,NA,-1,-14.285714285714285
TO4HH,60,TO,4,HIGH,HIGH,-4.148,-0.6143637898603315,-61.43637898603315,-10.23939649767219,-1.7000000000000002,-27.41935483870968,NA,NA
TO4HL,60,TO,4,HIGH,LOW,0.02519999999999989,0.004591083823716936,0.4591083823716936,0.0765180637286156,1.2000000000000002,20.689655172413797,NA,NA
TO4LH,60,TO,4,LOW,HIGH,0.7479000000000005,0.144661508704062,14.4661508704062,2.4110251450677,1.1000000000000005,21.568627450980404,5,50
TO4LL,60,TO,4,LOW,LOW,1.9269999999999996,0.37290037928632236,37.29003792863224,6.215006321438706,2.1999999999999993,37.288135593220325,10,200
TO5HH,60,TO,5,HIGH,HIGH,3.7648,0.544620770465954,54.462077046595404,9.077012841099235,2.000000000000001,29.411764705882366,15,300
TO5HL,60,TO,5,HIGH,LOW,0.35189999999999966,0.058103824053893346,5.810382405389334,0.9683970675648891,0.5999999999999996,8.695652173913038,10,200
TO5LH,60,TO,5,LOW,HIGH,0.5110000000000001,0.08314215518784272,8.314215518784271,1.3857025864640455,0.39999999999999947,6.249999999999992,5,50
TO5LL,60,TO,5,LOW,LOW,1.4237000000000002,0.2694819329560296,26.948193295602962,4.49136554926716,0.7999999999999998,15.094339622641506,5,100
TO6HL,60,TO,6,HIGH,LOW,-0.5434999999999999,-0.07887099114787402,-7.887099114787402,-1.3145165191312336,1.2999999999999998,22.033898305084744,10,200
TO6LH,60,TO,6,LOW,HIGH,-2.1235,-0.23650943921590464,-23.650943921590464,-3.941823986931744,NA,NA,10,100
TO6LL,60,TO,6,LOW,LOW,-3.7844000000000015,-0.3154350109190326,-31.54350109190326,-5.257250181983877,0.9000000000000004,14.28571428571429,10,100
TO7HH,60,TO,7,HIGH,HIGH,-5.6532,-0.7172655298416566,-71.72655298416566,-11.954425497360944,-2.3,-39.655172413793096,5,50
TO7HL,60,TO,7,HIGH,LOW,-0.40669999999999984,-0.06712993529644788,-6.7129935296447885,-1.118832254940798,0.7000000000000002,14.000000000000004,NA,NA
TO7LH,60,TO,7,LOW,HIGH,0.7346999999999992,0.0919662527538553,9.19662527538553,1.5327708792309216,0.7999999999999998,12.499999999999996,10,100
TO7LL,60,TO,7,LOW,LOW,-2.3718000000000004,-0.264724594006362,-26.4724594006362,-4.4120765667727,-2.3,-30.263157894736842,NA,NA
TO8HH,60,TO,8,HIGH,HIGH,0.5711000000000013,0.0695047890272252,6.95047890272252,1.1584131504537534,1.7000000000000002,25.000000000000007,10,100
TO8HL,60,TO,8,HIGH,LOW,1.3537000000000008,0.1710599474322686,17.10599474322686,2.8509991238711434,1.7999999999999998,29.032258064516125,5,50
TO8LH,60,TO,8,LOW,HIGH,0.11739999999999995,0.017641666791891438,1.7641666791891437,0.2940277798648573,0.5,7.8125,NA,NA
TO8LL,60,TO,8,LOW,LOW,-0.9680999999999997,-0.19131276801770641,-19.131276801770642,-3.1885461336284404,1.2000000000000002,27.906976744186053,NA,NA
TO9HH,60,TO,9,HIGH,HIGH,-1.6799999999999997,-0.2738698792038211,-27.38698792038211,-4.564497986730352,-1.5999999999999996,-28.571428571428566,5,100
TO9LH,60,TO,9,LOW,HIGH,2.285000000000001,0.3820112012037116,38.201120120371165,6.366853353395194,2,39.21568627450981,10,200
TO9LL,60,TO,9,LOW,LOW,-1.3643,-0.1852938380257779,-18.52938380257779,-3.088230633762965,1.5,24.590163934426233,0,0
