SpeciesID,Sp,SpRep,AT,ET,delWeight.g,pWeight,delWeight.g_norm,delTopLength.cm,pLength,delVolume.ml,pVolume
PR1HH,PR,1,HIGH,HIGH,5.193221445554755,47.469640637449416,0.08656335700077768,NA,NA,NA,NA
PR2HH,PR,2,HIGH,HIGH,4.513059307066966,29.333710999895686,0.06856872837700675,NA,NA,NA,NA
PR2HL,PR,2,HIGH,LOW,6.880090231684864,38.78280462305381,0.06807416971068525,NA,NA,NA,NA
PR3HH,PR,3,HIGH,HIGH,7.872585217109773,51.28438005820812,0.11619064146147536,NA,NA,NA,NA
PR3HL,PR,3,HIGH,LOW,0.3247401467924398,1.3518228606810894,0.0035432964883959635,NA,NA,NA,NA
PR4HH,PR,4,HIGH,HIGH,7.208699637480574,37.81505596168568,0.07426692367877949,NA,NA,NA,NA
PR4HL,PR,4,HIGH,LOW,5.675663494701041,35.2102224126367,0.06871795750156237,NA,NA,NA,NA
PR5HH,PR,5,HIGH,HIGH,5.633704117046124,46.16211139120155,0.10114192096882539,NA,NA,NA,NA
PR5HL,PR,5,HIGH,LOW,7.4294207960312715,60.33952127699295,0.10904124863330095,NA,NA,NA,NA
PR6HL,PR,6,HIGH,LOW,10.931752870636952,54.910764005276036,0.10917184979000973,NA,NA,NA,NA
PR6HH,PR,6,HIGH,HIGH,4.063507770693768,24.111844589723276,0.054547155052072645,NA,NA,NA,NA
PR7HH,PR,7,HIGH,HIGH,6.411596570347424,24.11755887158921,0.056298067063079264,NA,NA,NA,NA
PR8HH,PR,8,HIGH,HIGH,6.774863128844526,44.48233521203564,0.10097894362182533,NA,NA,NA,NA
PR8HL,PR,8,HIGH,LOW,5.611654476028566,47.55267350732936,0.08336799006933646,NA,NA,NA,NA
PR9HH,PR,9,HIGH,HIGH,10.556193780952338,47.683847463916514,0.09453923074055867,NA,NA,NA,NA
PR9HL,PR,9,HIGH,LOW,9.75083801504054,45.97332023482571,0.10863037025223632,NA,NA,NA,NA
PR10HH,PR,10,HIGH,HIGH,3.46241251561203,26.514859247354433,0.06616344581458154,NA,NA,NA,NA
PR10HL,PR,10,HIGH,LOW,3.406129894625776,24.61556312852523,0.06516003188292639,NA,NA,NA,NA
PR11HH,PR,11,HIGH,HIGH,7.932674001542928,32.80819342889572,0.08752800946906976,NA,NA,NA,NA
PR11HL,PR,11,HIGH,LOW,10.236279116196929,47.01707245523423,0.10156471593707893,NA,NA,NA,NA
PR12HH,PR,12,HIGH,HIGH,5.9806603339776,28.22807201204399,0.05672462942872844,NA,NA,NA,NA
PR12HL,PR,12,HIGH,LOW,7.760612055947735,40.47125394419723,0.07971519325658272,NA,NA,NA,NA
PA13HL,PA,13,HIGH,LOW,5.089485748594015,26.422474690365778,0.041278160580921194,NA,NA,NA,NA
PA13HH,PA,13,HIGH,HIGH,2.758120747644673,17.99548525186833,0.03210213137698931,NA,NA,NA,NA
PA12HL,PA,12,HIGH,LOW,5.1656732881818215,27.335918812558496,0.05691247471423329,NA,NA,NA,NA
PA12HH,PA,12,HIGH,HIGH,6.287920667889008,33.89382421749787,0.04843398404653949,NA,NA,NA,NA
PA11HL,PA,11,HIGH,LOW,2.6916590981696586,18.511193365562892,0.03205881152712241,NA,NA,NA,NA
PA11HH,PA,11,HIGH,HIGH,3.8789080221829764,31.302691630247992,0.04355997811261871,NA,NA,NA,NA
PA10HH,PA,10,HIGH,HIGH,9.485865224062056,32.62335269729424,0.0665022517148238,NA,NA,NA,NA
PA10HL,PA,10,HIGH,LOW,8.712905474720014,42.92164947964181,0.0720853115687881,NA,NA,NA,NA
PA9HL,PA,9,HIGH,LOW,6.084264076197126,30.121887878473714,0.05153904002790921,NA,NA,NA,NA
PA9HH,PA,9,HIGH,HIGH,4.712920634918309,17.6159850510603,0.041245567404498744,NA,NA,NA,NA
PA8HL,PA,8,HIGH,LOW,6.076841799907399,45.378409079553364,0.062449611500352685,NA,NA,NA,NA
PA8HH,PA,8,HIGH,HIGH,7.209037947655737,42.56386027216683,0.05710469207873402,NA,NA,NA,NA
PA7HL,PA,7,HIGH,LOW,5.274997661939228,19.22656206648532,0.039303068456656313,NA,NA,NA,NA
PA7HH,PA,7,HIGH,HIGH,6.481479234104398,29.53858556516968,0.04242040093120587,NA,NA,NA,NA
PA6HL,PA,6,HIGH,LOW,6.011312864135512,38.00511994395267,0.04507833266194668,NA,NA,NA,NA
PA6HH,PA,6,HIGH,HIGH,4.400026156736917,30.883025049221207,0.04407755596951732,NA,NA,NA,NA
PA5HL,PA,5,HIGH,LOW,7.821125339266128,37.40276538120524,0.054312487833643036,NA,NA,NA,NA
PA5HH,PA,5,HIGH,HIGH,9.148681339190627,58.59312943076013,0.06542912703240808,NA,NA,NA,NA
PA4HL,PA,4,HIGH,LOW,4.0320189221288985,31.31783854269469,0.03461653373129195,NA,NA,NA,NA
PA4HH,PA,4,HIGH,HIGH,3.1016997974151117,23.688282003430476,0.028431833512066473,NA,NA,NA,NA
PA3HL,PA,3,HIGH,LOW,3.5966263363884927,25.72434497144238,0.03065299570104806,NA,NA,NA,NA
PA3HH,PA,3,HIGH,HIGH,3.546608355372552,27.24915015579818,0.033059885879740375,NA,NA,NA,NA
PA2HL,PA,2,HIGH,LOW,2.924810085277098,15.33455963204267,0.039404585472911306,NA,NA,NA,NA
PA2HH,PA,2,HIGH,HIGH,2.775844404985053,21.71503770498361,0.04729471995364743,NA,NA,NA,NA
PA1HL,PA,1,HIGH,LOW,7.475748258965886,38.28857383176241,0.07196954090787769,NA,NA,NA,NA
PA1HH,PA,1,HIGH,HIGH,10.366262281207561,44.05796748790861,0.07003439125336472,NA,NA,NA,NA
ME1LL,ME,1,LOW,LOW,0.7470473159881994,32.658635322755444,0.030640628129522465,NA,NA,NA,NA
ME1LH,ME,1,LOW,HIGH,0.18383436561965194,7.03242533674833,0.010769378364488312,NA,NA,NA,NA
ME2LL,ME,2,LOW,LOW,0.8042632239325922,6.755974261160187,0.019031104345115794,NA,NA,NA,NA
ME2LH,ME,2,LOW,HIGH,1.204878120319235,33.2873582502798,0.04330947010874238,NA,NA,NA,NA
ME3LL,ME,3,LOW,LOW,0.4109933670001542,4.930065537154417,0.013752358751632212,NA,NA,NA,NA
ME3LH,ME,3,LOW,HIGH,0.5430413290259937,7.028050681386879,0.01707684653410404,NA,NA,NA,NA
ME4LL,ME,4,LOW,LOW,1.1972301279177833,16.777610543014546,0.029625961308007796,NA,NA,NA,NA
ME4LH,ME,4,LOW,HIGH,0.8305154096900598,18.939803769121763,0.032852250671275514,NA,NA,NA,NA
ME5LL,ME,5,LOW,LOW,0.6723084780526412,21.036754275826745,0.02374450199873142,NA,NA,NA,NA
ME5LH,ME,5,LOW,HIGH,0.25364829818303747,3.005854637818137,0.006178084403040263,NA,NA,NA,NA
ME6LL,ME,6,LOW,LOW,1.1006636701839083,16.086392689309992,0.043907084412087925,NA,NA,NA,NA
ME6LH,ME,6,LOW,HIGH,0.9403819044076132,17.758507433434342,0.027661382872427302,NA,NA,NA,NA
ME7LL,ME,7,LOW,LOW,0.730696947450606,12.016700044742198,0.028353963380301925,NA,NA,NA,NA
ME7LH,ME,7,LOW,HIGH,0.6987174344548057,12.808009366150234,0.024657041513093832,NA,NA,NA,NA
ME8LL,ME,8,LOW,LOW,1.339163014429488,14.882665022570182,0.031184169927437236,NA,NA,NA,NA
ME8LH,ME,8,LOW,HIGH,0.7739414091788959,13.77462447280841,0.022552987773807757,NA,NA,NA,NA
ME9LH,ME,9,LOW,HIGH,0.8727737075537068,8.218499914579994,0.01957755591601197,NA,NA,NA,NA
ME9LL,ME,9,LOW,LOW,0.7000608544178917,6.660519741029783,0.016568413182621804,NA,NA,NA,NA
ME10LL,ME,10,LOW,LOW,-0.054472594567304355,-1.1239911198291987,-0.0015320380836149861,NA,NA,NA,NA
ME10LH,ME,10,LOW,HIGH,0.06226287197432079,0.5664924378578214,0.001397855133890671,NA,NA,NA,NA
ME11LL,ME,11,LOW,LOW,0.0018972160023125184,0.02852775091704947,6.323007937062799e-5,NA,NA,NA,NA
ME11LH,ME,11,LOW,HIGH,1.2627481693733191,13.4035903830836,0.024937430102485416,NA,NA,NA,NA
ME12LL,ME,12,LOW,LOW,0.9545460117974605,23.642320869385387,0.03389272915448944,NA,NA,NA,NA
ME12LH,ME,12,LOW,HIGH,0.9789866026123857,17.69129909686257,0.02963477598080299,NA,NA,NA,NA
ME13LL,ME,13,LOW,LOW,1.2036956851403797,9.546099499295865,0.027110934846142125,NA,NA,NA,NA
ME13LH,ME,13,LOW,HIGH,1.5722607127634909,8.488021879593846,0.02902740553835784,NA,NA,NA,NA
PR1LL,PR,1,LOW,LOW,7.161461613207699,44.7230541216213,0.09456024612874231,NA,NA,NA,NA
PR1LH,PR,1,LOW,HIGH,4.03535905949315,21.859333032927207,0.05605129340558121,NA,NA,NA,NA
PR2LL,PR,2,LOW,LOW,4.558196688176574,36.966525425187356,0.11429007284302653,NA,NA,NA,NA
PR2LH,PR,2,LOW,HIGH,3.2727847200166558,33.90435217941673,0.11205887295586636,NA,NA,NA,NA
PR3LL,PR,3,LOW,LOW,4.044973070844785,59.24090872490909,0.12970427455691136,NA,NA,NA,NA
PR3LH,PR,3,LOW,HIGH,2.7524188315846336,37.60943435409168,0.11359361923800819,NA,NA,NA,NA
PR13HH,PR,13,HIGH,HIGH,5.009160612239066,43.54199958983953,0.12827904194682535,NA,NA,NA,NA
PR13HL,PR,13,HIGH,LOW,4.464923181076681,43.892204029967694,0.10259752403848911,NA,NA,NA,NA
PR4LL,PR,4,LOW,LOW,6.414444435254218,37.612593650441035,0.09298554888483375,NA,NA,NA,NA
PR4LH,PR,4,LOW,HIGH,5.0717705873846,36.89089049517392,0.083918027098949,NA,NA,NA,NA
PR5LL,PR,5,LOW,LOW,3.783794864227003,57.6772103033893,0.0922308564096121,NA,NA,NA,NA
PR5LH,PR,5,LOW,HIGH,2.0980586453757653,31.884817362203172,0.07528958209980166,NA,NA,NA,NA
PR6LL,PR,6,LOW,LOW,2.9821689507312055,35.61328594602565,0.085830062383903,NA,NA,NA,NA
PR6LH,PR,6,LOW,HIGH,2.9226166951319623,28.022536139135028,0.06824098449729386,NA,NA,NA,NA
PR7LL,PR,7,LOW,LOW,5.186407597182727,54.020292139098714,0.08373447049750653,NA,NA,NA,NA
PR7LH,PR,7,LOW,HIGH,3.2744581172014957,27.410088283837116,0.04426023590624274,NA,NA,NA,NA
PR8LL,PR,8,LOW,LOW,6.435039961702023,55.20515057309579,0.11385562032265123,NA,NA,NA,NA
PR8LH,PR,8,LOW,HIGH,4.29394749520487,48.47774265850834,0.08825727155505438,NA,NA,NA,NA
PR9LL,PR,9,LOW,LOW,7.325109587896495,49.319459485973844,0.1026764092795167,NA,NA,NA,NA
PR9LH,PR,9,LOW,HIGH,6.0832291249899555,40.59781752468184,0.08654729183890995,NA,NA,NA,NA
PR10LL,PR,10,LOW,LOW,3.4441992027075266,21.92430508055285,0.07799438316006461,NA,NA,NA,NA
PR10LH,PR,10,LOW,HIGH,3.5751277094081786,18.368865212692747,0.06997941033458512,NA,NA,NA,NA
PR11LL,PR,11,LOW,LOW,4.221579156535004,31.391487467347257,0.10749365990359244,NA,NA,NA,NA
PR11LH,PR,11,LOW,HIGH,4.908737475421454,26.589732426327934,0.09631630709967934,NA,NA,NA,NA
PR12LL,PR,12,LOW,LOW,5.462403080414305,31.103669500552115,0.09782250984535987,NA,NA,NA,NA
PR12LH,PR,12,LOW,HIGH,4.128959982130784,41.24745123296631,0.1155871425240732,NA,NA,NA,NA
PA1LH,PA,1,LOW,HIGH,6.668498864756337,45.82651004235634,0.05941370212651229,NA,NA,NA,NA
PA1LL,PA,1,LOW,LOW,5.146647542652893,62.04875107555205,0.06140039644744369,NA,NA,NA,NA
PA2LH,PA,2,LOW,HIGH,6.435836033254766,33.04037760739915,0.05140908111718363,NA,NA,NA,NA
PA2LL,PA,2,LOW,LOW,6.8477540840661355,32.86989796406344,0.05136411643620844,NA,NA,NA,NA
PA3LH,PA,3,LOW,HIGH,7.307580552476789,35.021318046826686,0.04405524797255726,NA,NA,NA,NA
PA3LL,PA,3,LOW,LOW,8.352659856790861,40.98667902653572,0.053088451623924865,NA,NA,NA,NA
PA4LL,PA,4,LOW,LOW,4.2161512461758495,43.82774204242629,0.054219438439686504,NA,NA,NA,NA
PA5LH,PA,5,LOW,HIGH,2.451949689052956,36.998247062994324,0.03845086999313697,NA,NA,NA,NA
PA5LL,PA,5,LOW,LOW,2.82915365112825,28.93973307816018,0.03657883806278767,NA,NA,NA,NA
PA6LH,PA,6,LOW,HIGH,6.8635915224731185,48.17984013103115,0.044774225853442824,NA,NA,NA,NA
PA6LL,PA,6,LOW,LOW,7.679902645871817,59.46682144107911,0.04841340481969003,NA,NA,NA,NA
PA7LH,PA,7,LOW,HIGH,4.142758847610674,36.004363241003915,0.048516737756987074,NA,NA,NA,NA
PA7LL,PA,7,LOW,LOW,3.5316007383255013,40.129165446447075,0.056773510110838234,NA,NA,NA,NA
PA8LH,PA,8,LOW,HIGH,6.864103221149646,46.2415593970751,0.060773974867626875,NA,NA,NA,NA
PA8LL,PA,8,LOW,LOW,5.94458285642806,30.432738165498392,0.052987585117475436,NA,NA,NA,NA
PA9LH,PA,9,LOW,HIGH,3.875663018199706,17.628089181063693,0.04201200609595295,NA,NA,NA,NA
PA9LL,PA,9,LOW,LOW,4.096993185288309,22.954745235274707,0.0436729559091975,NA,NA,NA,NA
PA10LH,PA,10,LOW,HIGH,1.1031860001655467,6.492978996935276,0.019271314273593014,NA,NA,NA,NA
PA10LL,PA,10,LOW,LOW,3.055809094928506,15.389884455499311,0.0346455053030266,NA,NA,NA,NA
PA11LH,PA,11,LOW,HIGH,4.430678409971584,60.30333469128675,0.056401498980493216,NA,NA,NA,NA
PA11LL,PA,11,LOW,LOW,4.794084028331868,40.07902365362642,0.054154274264472335,NA,NA,NA,NA
PA12LH,PA,12,LOW,HIGH,3.644276347544011,21.96757993822147,0.04310958286886017,NA,NA,NA,NA
PA12LL,PA,12,LOW,LOW,2.798399798229152,16.060237664734842,0.029406767994088718,NA,NA,NA,NA
PA13LH,PA,13,LOW,HIGH,3.4994738068794593,59.740882990810206,0.06350823239231666,NA,NA,NA,NA
PA13LL,PA,13,LOW,LOW,3.559172352583605,38.7844539042917,0.053076741353020124,NA,NA,NA,NA
PR13LL,PR,13,LOW,LOW,3.3795923724998005,33.986416678731786,0.07743153751070656,NA,NA,NA,NA
LK10HL,LK,10,HIGH,LOW,1.936351960815884,9.700318631649155,0.027374426539544108,NA,NA,NA,NA
LK11HH,LK,11,HIGH,HIGH,2.4873888780147624,11.604200608271418,0.0421425622130749,NA,NA,NA,NA
LK12HH,LK,12,HIGH,HIGH,2.0529727467803838,12.603867604062321,0.024248015094446674,NA,NA,NA,NA
LK12HL,LK,12,HIGH,LOW,1.4602304280003615,7.5138915794318155,0.03023332777073423,NA,NA,NA,NA
LK13HH,LK,13,HIGH,HIGH,2.7566252997412732,7.516336248219914,0.028537941362877343,NA,NA,NA,NA
LK13HL,LK,13,HIGH,LOW,1.5548890014683572,5.520554085347727,0.02530031422578534,NA,NA,NA,NA
LK1HH,LK,1,HIGH,HIGH,1.4520398705475799,14.734153547190655,0.03267217947036475,NA,NA,NA,NA
LK1HL,LK,1,HIGH,LOW,1.6253162414508058,19.865505117123224,0.029695144855806613,NA,NA,NA,NA
LK2HH,LK,2,HIGH,HIGH,2.4824228453684043,9.607520990235246,0.01818241166236284,NA,NA,NA,NA
LK2HL,LK,2,HIGH,LOW,3.6602450018009414,14.241585133325241,0.030338491928105418,NA,NA,NA,NA
LK4HH,LK,4,HIGH,HIGH,1.5738086328966432,6.6395729747811,0.017563632753759433,NA,NA,NA,NA
LK4HL,LK,4,HIGH,LOW,0.8342308958113627,5.0809879366278015,0.023498402770899412,NA,NA,NA,NA
LK5HH,LK,5,HIGH,HIGH,2.087461620920397,9.110631286170227,0.026642301489448784,NA,NA,NA,NA
LK5HL,LK,5,HIGH,LOW,1.4694700028162622,10.100093096043384,0.02013604271499227,NA,NA,NA,NA
LK6HH,LK,6,HIGH,HIGH,2.079988356341218,18.022749593144727,0.03226298757466625,NA,NA,NA,NA
LK7HH,LK,7,HIGH,HIGH,2.713565977323878,13.629457443190617,0.02306779290176919,NA,NA,NA,NA
LK7HL,LK,7,HIGH,LOW,1.4665869363127655,10.797423998639479,0.03984965726470031,NA,NA,NA,NA
LK8HH,LK,8,HIGH,HIGH,2.9292612101439097,15.467554659325542,0.045216440864112854,NA,NA,NA,NA
LK9HL,LK,9,HIGH,LOW,0.7429543752908749,5.075705047728285,0.012455270181809074,NA,NA,NA,NA
TO10HH,TO,10,HIGH,HIGH,-0.1593,-2.9344041851640355,-0.1593,0.20000000000000018,3.448275862068969,5,100
TO10HL,TO,10,HIGH,LOW,-2.6352,-37.889833067333825,-2.6352,-0.5,-7.575757575757576,5,100
TO10LH,TO,10,LOW,HIGH,0.91829999999999945,22.052254934921457,0.91829999999999945,1.2000000000000002,26.086956521739136,NA,NA
TO10LL,TO,10,LOW,LOW,1.9157000000000002,32.02708350748141,1.9157000000000002,1.2999999999999998,23.636363636363633,10,200
TO11HL,TO,11,HIGH,LOW,3.4259000000000004,63.02939986017589,3.4259000000000004,2,40,15,300
TO11LH,TO,11,LOW,HIGH,3.6615,103.68996375169914,3.6615,2.8999999999999995,69.04761904761904,NA,NA
TO11LL,TO,11,LOW,LOW,-0.09590000000000032,-1.9828798279712248,-0.09590000000000032,-0.3000000000000007,-5.555555555555569,5,100
TO12HH,TO,12,HIGH,HIGH,1.5881999999999996,20.522561637463166,1.5881999999999996,-1.2000000000000002,-18.750000000000004,NA,NA
TO12HL,TO,12,HIGH,LOW,-5.808,-62.19880485767526,-5.808,-2.5,-35.714285714285715,NA,NA
TO12LH,TO,12,LOW,HIGH,2.1798,32.994278448823906,2.1798,0.5999999999999996,11.111111111111104,NA,NA
TO12LL,TO,12,LOW,LOW,0.10770000000000035,1.4059134521245396,0.10770000000000035,0.20000000000000018,3.5087719298245648,10,100
TO13HH,TO,13,HIGH,HIGH,0.6388999999999996,14.088513528412964,0.6388999999999996,0.7999999999999998,14.814814814814811,15,300
TO13HL,TO,13,HIGH,LOW,4.986299999999999,88.97910383839823,4.986299999999999,3.4000000000000004,62.96296296296296,15,300
TO13LH,TO,13,LOW,HIGH,1.6538000000000004,19.992746615087047,1.6538000000000004,0.7999999999999998,13.33333333333333,5,50
TO13LL,TO,13,LOW,LOW,3.7778,55.592671620925614,3.7778,2.7,54,10,100
TO1HH,TO,1,HIGH,HIGH,2.0757000000000003,38.133818342151685,2.0757000000000003,2.3,54.76190476190476,10,200
TO1HL,TO,1,HIGH,LOW,2.1743999999999994,42.24350630427601,2.1743999999999994,2,43.47826086956522,10,200
TO1LH,TO,1,LOW,HIGH,0.007399999999999629,0.09855628362899725,0.007399999999999629,0.09999999999999964,1.6129032258064457,10,100
TO1LL,TO,1,LOW,LOW,2.198200000000001,39.01183736489966,2.198200000000001,2.6000000000000005,49.05660377358492,0,0
TO2HH,TO,2,HIGH,HIGH,-7.0161999999999995,-71.08107834297466,-7.0161999999999995,-1.7999999999999998,-23.684210526315788,0,0
TO2HL,TO,2,HIGH,LOW,-2.4505000000000003,-41.931895961670094,-2.4505000000000003,-2.2,-34.920634920634924,5,100
TO2LH,TO,2,LOW,HIGH,3.949200000000001,76.23938223938227,3.949200000000001,2.9000000000000004,48.33333333333334,10,200
TO2LL,TO,2,LOW,LOW,1.4818000000000007,21.399997111621403,1.4818000000000007,-0.20000000000000018,-3.1250000000000027,15,300
TO3HH,TO,3,HIGH,HIGH,1.5250999999999992,25.900954451275414,1.5250999999999992,0.2999999999999998,4.411764705882351,NA,NA
TO3HL,TO,3,HIGH,LOW,3.3673999999999995,91.06249492955459,3.3673999999999995,0.6999999999999993,10.93749999999999,10,200
VF1LL,VF,1,LOW,LOW,7.0474000000000006,100.99889648451497,7.0474000000000006,NA,NA,8,114.28571428571428
VF1LH,VF,1,LOW,HIGH,-5.3961,-73.90298016873014,-5.3961,NA,NA,-2,-28.57142857142857
VF2LL,VF,2,LOW,LOW,3.0172,63.39321357285429,3.0172,NA,NA,5,100
VF2LH,VF,2,LOW,HIGH,-1.1187000000000005,-19.175194117344585,-1.1187000000000005,NA,NA,5,100
VF3LL,VF,3,LOW,LOW,2.8948,54.5622467250966,2.8948,NA,NA,NA,NA
VF3LH,VF,3,LOW,HIGH,0.9815999999999994,17.535460359426907,0.9815999999999994,NA,NA,3,42.857142857142854
VF4LL,VF,4,LOW,LOW,13.7508,233.41650965015023,13.7508,NA,NA,20,400
VF4LH,VF,4,LOW,HIGH,-6.2854,-85.80633711485167,-6.2854,NA,NA,1,20
VF5LL,VF,5,LOW,LOW,9.761699999999998,151.64512520971846,9.761699999999998,NA,NA,2,25
VF5LH,VF,5,LOW,HIGH,-4.188899999999999,-73.15833595305459,-4.188899999999999,NA,NA,0,0
VF6LL,VF,6,LOW,LOW,-0.5616000000000003,-9.641036205387039,-0.5616000000000003,NA,NA,2,25
VF6LH,VF,6,LOW,HIGH,-3.5551,-87.30599214145383,-3.5551,NA,NA,NA,NA
VF7LL,VF,7,LOW,LOW,4.4575,66.058567236729,4.4575,NA,NA,8,114.28571428571428
VF7LH,VF,7,LOW,HIGH,-6.4539,-84.09866826509604,-6.4539,NA,NA,NA,NA
VF8LL,VF,8,LOW,LOW,12.633199999999999,282.3944921316166,12.633199999999999,NA,NA,10,200
VF8LH,VF,8,LOW,HIGH,-2.9627,-65.8655876925813,-2.9627,NA,NA,NA,NA
VF9LL,VF,9,LOW,LOW,5.091099999999999,116.92120432675743,5.091099999999999,NA,NA,NA,NA
VF9LH,VF,9,LOW,HIGH,-2.5643000000000002,-59.40967958668304,-2.5643000000000002,NA,NA,5,100
VF10LL,VF,10,LOW,LOW,2.3354,33.77149219845849,2.3354,NA,NA,5,50
VF10LH,VF,10,LOW,HIGH,-5.6642,-81.97580178302651,-5.6642,NA,NA,-3,-37.5
VF11LL,VF,11,LOW,LOW,0.3559000000000001,6.434757453578986,0.3559000000000001,NA,NA,5,100
VF11LH,VF,11,LOW,HIGH,-3.3356000000000003,-48.14526139545625,-3.3356000000000003,NA,NA,3,42.857142857142854
VF12LL,VF,12,LOW,LOW,8.9985,132.31337028922644,8.9985,NA,NA,5,50
VF12LH,VF,12,LOW,HIGH,2.1694000000000004,40.03912738547859,2.1694000000000004,NA,NA,5,100
VF13LL,VF,13,LOW,LOW,1.4360999999999997,28.48161516798222,1.4360999999999997,NA,NA,NA,NA
LC1HL,LC,1,HIGH,LOW,-3.2782,-26.303247185692165,-3.2782,NA,NA,20,200
LC1HH,LC,1,HIGH,HIGH,-11.332699999999999,-70.25329795675461,-11.332699999999999,NA,NA,15,100
LC2HL,LC,2,HIGH,LOW,-5.251500000000001,-61.60261824324324,-5.251500000000001,NA,NA,16,160
LC2HH,LC,2,HIGH,HIGH,-6.413999999999999,-45.50356139504525,-6.413999999999999,NA,NA,NA,NA
LC3HL,LC,3,HIGH,LOW,-6.0304,-38.17627024221015,-6.0304,NA,NA,15,100
LC3HH,LC,3,HIGH,HIGH,-7.8049,-64.27012738905952,-7.8049,NA,NA,15,150
LC4HH,LC,4,HIGH,HIGH,-0.24059999999999881,-2.5396892416821357,-0.24059999999999881,NA,NA,10,100
LC5HL,LC,5,HIGH,LOW,2.268600000000001,21.74383943718671,2.268600000000001,NA,NA,15,150
LC5HH,LC,5,HIGH,HIGH,-3.0058000000000007,-24.194275411313956,-3.0058000000000007,NA,NA,10,66.66666666666666
LC6HL,LC,6,HIGH,LOW,-4.2662,-37.78206808601084,-4.2662,NA,NA,NA,NA
LC6HH,LC,6,HIGH,HIGH,-3.0121000000000002,-25.995960921048088,-3.0121000000000002,NA,NA,15,150
LC7HL,LC,7,HIGH,LOW,-5.248800000000001,-40.95281936848019,-5.248800000000001,NA,NA,0,0
LC7HH,LC,7,HIGH,HIGH,-7.2531,-78.2891683307248,-7.2531,NA,NA,NA,NA
LC8HL,LC,8,HIGH,LOW,-3.3507999999999996,-19.296396754372324,-3.3507999999999996,NA,NA,20,100
LC8HH,LC,8,HIGH,HIGH,-4.805199999999999,-35.21402346526744,-4.805199999999999,NA,NA,5,33.33333333333333
LC9HL,LC,9,HIGH,LOW,-4.247699999999999,-42.7463017007145,-4.247699999999999,NA,NA,10,100
LC9HH,LC,9,HIGH,HIGH,-3.5907,-45.92627647600532,-3.5907,NA,NA,5,50
LC10HL,LC,10,HIGH,LOW,-3.3288,-38.21770128930781,-3.3288,NA,NA,5,50
LC10HH,LC,10,HIGH,HIGH,-2.6579000000000006,-31.774438427237627,-2.6579000000000006,NA,NA,5,50
LC11HL,LC,11,HIGH,LOW,-5.431800000000001,-36.88377651628324,-5.431800000000001,NA,NA,10,66.66666666666666
LC11HH,LC,11,HIGH,HIGH,-5.7170000000000005,-34.36048153958037,-5.7170000000000005,NA,NA,NA,NA
LC12HL,LC,12,HIGH,LOW,-2.9688,-41.84355179704017,-2.9688,NA,NA,NA,NA
LC12HH,LC,12,HIGH,HIGH,-7.0299000000000005,-71.88992401853007,-7.0299000000000005,NA,NA,10,100
LC13HL,LC,13,HIGH,LOW,-4.0986,-37.96863275496308,-4.0986,NA,NA,NA,NA
HO1LL,HO,1,LOW,LOW,6.270299999999999,80.7736899057041,6.270299999999999,NA,NA,10,100
HO3LH,HO,3,LOW,HIGH,2.8813999999999993,33.295585856251435,2.8813999999999993,NA,NA,5,50
HO3LL,HO,3,LOW,LOW,7.902800000000001,97.12417658047391,7.902800000000001,NA,NA,15,300
HO4LH,HO,4,LOW,HIGH,2.7094999999999994,35.206143371317935,2.7094999999999994,NA,NA,5,100
HO4LL,HO,4,LOW,LOW,2.5111000000000008,40.81496651713154,2.5111000000000008,NA,NA,10,200
HO5LH,HO,5,LOW,HIGH,11.561399999999999,118.50674976168266,11.561399999999999,NA,NA,15,150
HO5LL,HO,5,LOW,LOW,12.077300000000001,137.54213739067058,12.077300000000001,NA,NA,20,400
HO6LH,HO,6,LOW,HIGH,1.8887,22.794419368075502,1.8887,NA,NA,10,200
HO6LL,HO,6,LOW,LOW,4.387400000000001,54.169444650221024,4.387400000000001,NA,NA,5,50
HO7LH,HO,7,LOW,HIGH,6.400699999999999,117.88312429784331,6.400699999999999,NA,NA,5,100
HO7LL,HO,7,LOW,LOW,19.0764,284.1625454328785,19.0764,NA,NA,25,500
HO8LH,HO,8,LOW,HIGH,5.6640999999999995,129.80337336144467,5.6640999999999995,NA,NA,5,100
HO8LL,HO,8,LOW,LOW,14.217699999999999,285.8863508405051,14.217699999999999,NA,NA,15,300
HO9LH,HO,9,LOW,HIGH,3.58,86.79629539834166,3.58,NA,NA,15,300
HO9LL,HO,9,LOW,LOW,5.9392,133.57022377150568,5.9392,NA,NA,5,100
HO10LH,HO,10,LOW,HIGH,0.7498000000000005,17.845157912273617,0.7498000000000005,NA,NA,NA,NA
HO11LL,HO,11,LOW,LOW,-3.6979999999999995,-64.05681621340723,-3.6979999999999995,NA,NA,NA,NA
HO12LH,HO,12,LOW,HIGH,13.3896,187.8187684107168,13.3896,NA,NA,17,212.5
HO12LL,HO,12,LOW,LOW,12.4226,168.6615798191544,12.4226,NA,NA,15,300
HO13LH,HO,13,LOW,HIGH,0.36219999999999963,5.297877631020809,0.36219999999999963,NA,NA,5,100
HO13LL,HO,13,LOW,LOW,13.6997,240.28659627459925,13.6997,NA,NA,15,300
GS1LL,GS,1,LOW,LOW,3.678600000000003,12.062011843632582,3.678600000000003,NA,NA,7,28.000000000000004
GS1LH,GS,1,LOW,HIGH,2.7349999999999994,14.019458085152186,2.7349999999999994,NA,NA,-10,-28.57142857142857
GS2LH,GS,2,LOW,HIGH,3.200999999999997,14.43738837070846,3.200999999999997,NA,NA,5,25
GS2LL,GS,2,LOW,LOW,3.753800000000002,18.441116940792714,3.753800000000002,NA,NA,-1,-7.6923076923076925
GS3LH,GS,3,LOW,HIGH,0.19299999999999962,1.2694027887398027,0.19299999999999962,NA,NA,NA,NA
GS3LL,GS,3,LOW,LOW,3.740400000000001,13.066899563318781,3.740400000000001,NA,NA,NA,NA
GS4LH,GS,4,LOW,HIGH,3.016000000000002,14.240521271070408,3.016000000000002,NA,NA,13,68.42105263157895
GS4LL,GS,4,LOW,LOW,2.4350000000000023,13.362234538769698,2.4350000000000023,NA,NA,0,0
GS5LH,GS,5,LOW,HIGH,1.4174000000000007,5.3873461599860155,1.4174000000000007,NA,NA,0,0
GS5LL,GS,5,LOW,LOW,0.49040000000000106,2.4753799637576965,0.49040000000000106,NA,NA,NA,NA
GS6LH,GS,6,LOW,HIGH,0.9110999999999976,3.544860322153908,0.9110999999999976,NA,NA,NA,NA
GS6LL,GS,6,LOW,LOW,0.6829000000000001,3.182837194778078,0.6829000000000001,NA,NA,12,92.3076923076923
GS7LH,GS,7,LOW,HIGH,2.0017999999999994,9.458022877283828,2.0017999999999994,NA,NA,0,0
GS7LL,GS,7,LOW,LOW,3.4619999999999997,13.69294113459188,3.4619999999999997,NA,NA,12,63.1578947368421
GS8LH,GS,8,LOW,HIGH,3.1885000000000012,13.614664639874299,3.1885000000000012,NA,NA,13,108.33333333333333
GS8LL,GS,8,LOW,LOW,1.5473,6.884997886399537,1.5473,NA,NA,13,108.33333333333333
GS9LH,GS,9,LOW,HIGH,0.9289999999999985,5.643916841836663,0.9289999999999985,NA,NA,7,58.333333333333336
GS9LL,GS,9,LOW,LOW,1.6403999999999996,9.99981712112068,1.6403999999999996,NA,NA,0,0
GS10LH,GS,10,LOW,HIGH,1.3791999999999973,5.814404478845201,1.3791999999999973,NA,NA,0,0
GS10LL,GS,10,LOW,LOW,0.24269999999999925,2.7052030852913553,0.24269999999999925,NA,NA,0,0
GS12LH,GS,12,LOW,HIGH,-2.5534999999999997,-10.82872506445922,-2.5534999999999997,NA,NA,1,8.333333333333332
GS12LL,GS,12,LOW,LOW,2.475200000000001,9.92438032765852,2.475200000000001,NA,NA,20,166.66666666666669
GS13LH,GS,13,LOW,HIGH,1.5225000000000009,4.204082308890291,1.5225000000000009,NA,NA,NA,NA
GS13LL,GS,13,LOW,LOW,2.4715000000000025,12.019043728602565,2.4715000000000025,NA,NA,13,108.33333333333333
GS1HL,GS,1,HIGH,LOW,5.373800000000003,22.928995976396006,5.373800000000003,NA,NA,15,93.75
GS2HL,GS,2,HIGH,LOW,1.875700000000002,5.594395165860386,1.875700000000002,NA,NA,12,48
GS2HH,GS,2,HIGH,HIGH,1.927500000000002,4.094834453968967,1.927500000000002,NA,NA,NA,NA
GS3HL,GS,3,HIGH,LOW,2.793099999999999,11.628274888738083,2.793099999999999,NA,NA,NA,NA
GS3HH,GS,3,HIGH,HIGH,-5.981400000000001,-22.046855188275885,-5.981400000000001,NA,NA,20,166.66666666666669
GS4HL,GS,4,HIGH,LOW,3.6708,13.96553888764186,3.6708,NA,NA,13,68.42105263157895
GS4HH,GS,4,HIGH,HIGH,3.080400000000001,13.422982565461227,3.080400000000001,NA,NA,12,63.1578947368421
GS5HL,GS,5,HIGH,LOW,0.41499999999999915,1.207202490036941,0.41499999999999915,NA,NA,12,48
GS5HH,GS,5,HIGH,HIGH,2.9669999999999987,9.166290787985885,2.9669999999999987,NA,NA,12,48
GS6HL,GS,6,HIGH,LOW,3.2250000000000014,13.457967325307244,3.2250000000000014,NA,NA,19,146.15384615384613
GS6HH,GS,6,HIGH,HIGH,0.3877999999999986,1.3560104340771877,0.3877999999999986,NA,NA,13,52
GS7HL,GS,7,HIGH,LOW,0.4549999999999983,1.9245736329182386,0.4549999999999983,NA,NA,12,92.3076923076923
GS7HH,GS,7,HIGH,HIGH,0.834699999999998,2.8204660341145558,0.834699999999998,NA,NA,0,0
GS8HH,GS,8,HIGH,HIGH,0.06769999999999854,0.26626183331300723,0.06769999999999854,NA,NA,NA,NA
GS9HL,GS,9,HIGH,LOW,0.958599999999997,2.8683938071898267,0.958599999999997,NA,NA,7,28.000000000000004
GS9HH,GS,9,HIGH,HIGH,5.3812,20.433643440288588,5.3812,NA,NA,12,63.1578947368421
GS10HL,GS,10,HIGH,LOW,-1.1047999999999973,-2.7302742136375255,-1.1047999999999973,NA,NA,NA,NA
GS10HH,GS,10,HIGH,HIGH,-0.016399999999997306,-0.04709531057059215,-0.016399999999997306,NA,NA,13,52
GS11HL,GS,11,HIGH,LOW,1.5298999999999978,7.301858516050809,1.5298999999999978,NA,NA,NA,NA
GS11HH,GS,11,HIGH,HIGH,-0.5253999999999976,-1.6182585394400397,-0.5253999999999976,NA,NA,0,0
GS12HL,GS,12,HIGH,LOW,4.659500000000001,13.648653002879419,4.659500000000001,NA,NA,12,48
GS12HH,GS,12,HIGH,HIGH,0.10050000000000026,0.31730195464318606,0.10050000000000026,NA,NA,1,5.263157894736842
GS13HL,GS,13,HIGH,LOW,2.836499999999994,6.498132917917101,2.836499999999994,NA,NA,6,16.216216216216218
GS13HH,GS,13,HIGH,HIGH,2.1996000000000002,7.553804890947867,2.1996000000000002,NA,NA,12,48
DN1HL,DN,1,HIGH,LOW,0.7966999999999995,8.506753510223687,0.7966999999999995,NA,NA,9,128.57142857142858
DN1HH,DN,1,HIGH,HIGH,0.5827,10.14679506155641,0.5827,NA,NA,1,33.33333333333333
DN2HL,DN,2,HIGH,LOW,1.0065,16.4614101368922,1.0065,NA,NA,0,0
DN2HH,DN,2,HIGH,HIGH,0.8698999999999995,10.569994775149144,0.8698999999999995,NA,NA,0,0
DN3HL,DN,3,HIGH,LOW,0.9604999999999997,15.914438148258602,0.9604999999999997,NA,NA,1,33.33333333333333
DN3HH,DN,3,HIGH,HIGH,0.5419,8.87589471442845,0.5419,NA,NA,2,50
DN4HL,DN,4,HIGH,LOW,0.42459999999999987,6.212961472615265,0.42459999999999987,NA,NA,1,33.33333333333333
DN4HH,DN,4,HIGH,HIGH,0.23970000000000002,3.211543872342136,0.23970000000000002,NA,NA,3,100
DN5HL,DN,5,HIGH,LOW,0.2851999999999997,2.9047206803483183,0.2851999999999997,NA,NA,-2,-28.57142857142857
DN5HH,DN,5,HIGH,HIGH,0.49659999999999904,4.641728824332146,0.49659999999999904,NA,NA,12,200
DN6HL,DN,6,HIGH,LOW,0.4616000000000007,4.628264901990281,0.4616000000000007,NA,NA,2,50
DN6HH,DN,6,HIGH,HIGH,-0.0045999999999999375,-0.03883036196650407,-0.0045999999999999375,NA,NA,2,33.33333333333333
DN7HL,DN,7,HIGH,LOW,-0.1440999999999999,-1.4598466198624227,-0.1440999999999999,NA,NA,-3,-42.857142857142854
DN7HH,DN,7,HIGH,HIGH,0.3353999999999999,5.775688381464068,0.3353999999999999,NA,NA,2,100
DN8HL,DN,8,HIGH,LOW,0.25229999999999997,3.7700043333383135,0.25229999999999997,NA,NA,0,0
DN8HH,DN,8,HIGH,HIGH,0.2756999999999996,4.08359747607903,0.2756999999999996,NA,NA,1,25
DN9HL,DN,9,HIGH,LOW,0.4683999999999999,6.264795966134791,0.4683999999999999,NA,NA,-1,-20
DN9HH,DN,9,HIGH,HIGH,0.3647999999999998,8.557353976073182,0.3647999999999998,NA,NA,0,0
DN10HL,DN,10,HIGH,LOW,0.42620000000000147,4.050714720194661,0.42620000000000147,NA,NA,0,0
DN10HH,DN,10,HIGH,HIGH,-0.11940000000000062,-0.8314126355223529,-0.11940000000000062,NA,NA,0,0
DN11HL,DN,11,HIGH,LOW,0.39840000000000053,7.740130556419035,0.39840000000000053,NA,NA,-1,-33.33333333333333
DN11HH,DN,11,HIGH,HIGH,0.5093000000000014,5.912536713915897,0.5093000000000014,NA,NA,-1,-14.285714285714285
DN12HL,DN,12,HIGH,LOW,0.22240000000000038,3.5851885286863503,0.22240000000000038,NA,NA,0,0
DN12HH,DN,12,HIGH,HIGH,-0.004100000000001103,-0.04450474898237289,-0.004100000000001103,NA,NA,-1,-16.666666666666664
DN13HL,DN,13,HIGH,LOW,0.45559999999999956,9.564195146527826,0.45559999999999956,NA,NA,-1,-25
DN13HH,DN,13,HIGH,HIGH,-0.019900000000001583,-0.2135238953625784,-0.019900000000001583,NA,NA,-1,-14.285714285714285
TO4HH,TO,4,HIGH,HIGH,-4.148,-61.43637898603315,-4.148,-1.7000000000000002,-27.41935483870968,NA,NA
TO4HL,TO,4,HIGH,LOW,0.02519999999999989,0.4591083823716936,0.02519999999999989,1.2000000000000002,20.689655172413797,NA,NA
TO4LH,TO,4,LOW,HIGH,0.7479000000000005,14.4661508704062,0.7479000000000005,1.1000000000000005,21.568627450980404,5,50
TO4LL,TO,4,LOW,LOW,1.9269999999999996,37.29003792863224,1.9269999999999996,2.1999999999999993,37.288135593220325,10,200
TO5HH,TO,5,HIGH,HIGH,3.7648,54.462077046595404,3.7648,2.000000000000001,29.411764705882366,15,300
TO5HL,TO,5,HIGH,LOW,0.35189999999999966,5.810382405389334,0.35189999999999966,0.5999999999999996,8.695652173913038,10,200
TO5LH,TO,5,LOW,HIGH,0.5110000000000001,8.314215518784271,0.5110000000000001,0.39999999999999947,6.249999999999992,5,50
TO5LL,TO,5,LOW,LOW,1.4237000000000002,26.948193295602962,1.4237000000000002,0.7999999999999998,15.094339622641506,5,100
TO6HL,TO,6,HIGH,LOW,-0.5434999999999999,-7.887099114787402,-0.5434999999999999,1.2999999999999998,22.033898305084744,10,200
TO6LH,TO,6,LOW,HIGH,-2.1235,-23.650943921590464,-2.1235,NA,NA,10,100
TO6LL,TO,6,LOW,LOW,-3.7844000000000015,-31.54350109190326,-3.7844000000000015,0.9000000000000004,14.28571428571429,10,100
TO7HH,TO,7,HIGH,HIGH,-5.6532,-71.72655298416566,-5.6532,-2.3,-39.655172413793096,5,50
TO7HL,TO,7,HIGH,LOW,-0.40669999999999984,-6.7129935296447885,-0.40669999999999984,0.7000000000000002,14.000000000000004,NA,NA
TO7LH,TO,7,LOW,HIGH,0.7346999999999992,9.19662527538553,0.7346999999999992,0.7999999999999998,12.499999999999996,10,100
TO7LL,TO,7,LOW,LOW,-2.3718000000000004,-26.4724594006362,-2.3718000000000004,-2.3,-30.263157894736842,NA,NA
TO8HH,TO,8,HIGH,HIGH,0.5711000000000013,6.95047890272252,0.5711000000000013,1.7000000000000002,25.000000000000007,10,100
TO8HL,TO,8,HIGH,LOW,1.3537000000000008,17.10599474322686,1.3537000000000008,1.7999999999999998,29.032258064516125,5,50
TO8LH,TO,8,LOW,HIGH,0.11739999999999995,1.7641666791891437,0.11739999999999995,0.5,7.8125,NA,NA
TO8LL,TO,8,LOW,LOW,-0.9680999999999997,-19.131276801770642,-0.9680999999999997,1.2000000000000002,27.906976744186053,NA,NA
TO9HH,TO,9,HIGH,HIGH,-1.6799999999999997,-27.38698792038211,-1.6799999999999997,-1.5999999999999996,-28.571428571428566,5,100
TO9LH,TO,9,LOW,HIGH,2.285000000000001,38.201120120371165,2.285000000000001,2,39.21568627450981,10,200
TO9LL,TO,9,LOW,LOW,-1.3643,-18.52938380257779,-1.3643,1.5,24.590163934426233,0,0
